Fecha_Hora,Temperatura_C,Humedad_Aire_Pct,Luz_Lux,Gases_MQ135,Humedad_Suelo_Pct
2026-04-08 18:49:04,25.25,52.73,37.29,186,73
2026-04-08 18:54:05,25.19,53.10,3.70,191,74
2026-04-08 18:59:06,25.12,53.46,0.00,192,74
2026-04-08 19:04:07,25.02,53.68,0.00,191,73
2026-04-08 19:09:09,25.00,53.88,0.00,190,72
2026-04-08 19:14:10,25.00,53.38,0.00,188,74
2026-04-08 19:19:11,25.00,53.40,0.00,187,75
2026-04-08 19:24:12,25.00,53.42,0.00,186,76
2026-04-08 19:29:16,25.00,53.60,0.00,185,76
2026-04-08 19:34:17,25.01,53.69,18.10,189,76
2026-04-08 19:39:18,25.08,53.32,38.45,195,76
2026-04-08 19:44:19,25.02,52.90,38.43,191,76
2026-04-08 19:49:21,25.08,53.10,38.25,193,75
2026-04-08 19:54:22,25.11,53.08,38.24,195,75
2026-04-08 19:59:25,25.00,53.24,38.30,193,75
2026-04-08 20:04:26,25.00,53.55,38.54,191,75
2026-04-08 20:09:28,24.93,52.74,38.06,188,75
2026-04-08 20:14:29,24.90,52.32,37.96,182,75
2026-04-08 20:19:30,24.95,52.40,37.97,180,76
2026-04-08 20:24:31,24.88,52.25,38.09,176,76
2026-04-08 20:29:33,24.81,52.29,38.21,172,75
2026-04-08 20:34:34,24.80,52.52,38.39,171,75
2026-04-08 20:39:35,24.80,52.42,38.55,170,75
2026-04-08 20:44:36,24.93,52.38,38.50,170,75
2026-04-08 20:49:38,25.03,52.00,38.31,171,75
2026-04-08 20:54:39,25.14,52.16,38.71,172,75
2026-04-08 20:59:40,25.18,52.32,38.38,170,75
2026-04-08 21:04:41,25.10,52.51,38.10,171,75
2026-04-08 21:09:43,25.15,52.69,37.34,171,75
2026-04-08 21:14:44,25.13,52.75,36.75,172,75
2026-04-08 21:19:45,25.20,52.68,36.19,173,75
2026-04-08 21:24:46,25.21,52.85,33.84,172,76
2026-04-08 21:29:48,25.34,52.68,17.50,150,76
2026-04-08 21:34:49,25.40,52.33,24.69,160,76
2026-04-08 21:39:50,25.33,52.51,35.09,166,76
2026-04-08 21:44:51,25.30,52.47,35.18,162,76
2026-04-08 21:49:53,25.30,52.48,35.42,160,76
2026-04-08 21:54:54,25.29,52.51,35.87,163,76
2026-04-08 21:59:55,25.30,52.48,36.04,156,76
2026-04-08 22:04:56,25.30,52.47,36.61,152,77
2026-04-08 22:09:58,25.29,52.41,37.38,140,76
2026-04-08 22:14:59,25.24,52.24,37.97,137,76
2026-04-08 22:20:00,25.20,52.33,38.41,137,76
2026-04-08 22:25:01,25.21,52.34,38.51,136,76
2026-04-08 22:30:05,25.24,52.16,38.45,136,76
2026-04-08 22:35:06,25.20,52.16,38.45,148,76
2026-04-08 22:40:07,25.08,51.52,38.57,152,76
2026-04-08 22:45:09,25.00,50.69,38.71,147,76
2026-04-08 22:50:10,24.90,49.87,38.71,144,76
2026-04-09 06:36:10,23.10,63.58,29.79,262,75
2026-04-09 06:41:12,23.67,61.93,15.02,263,74
2026-04-09 06:46:13,23.90,62.56,2.42,270,75
2026-04-09 06:51:14,24.00,60.88,3.09,274,75
2026-04-09 06:56:15,24.08,61.74,26.27,278,75
2026-04-09 07:01:17,24.29,61.12,15.73,252,74
2026-04-09 07:17:54,22.36,58.37,1166.32,185,77
2026-04-09 07:22:55,22.25,58.42,1436.18,163,77
2026-04-09 07:27:57,22.10,57.06,1832.12,176,77
2026-04-09 07:32:58,22.18,56.42,2846.11,196,76
2026-04-09 07:37:59,22.38,54.19,3704.68,185,76
2026-04-09 07:43:00,22.72,53.23,3829.21,142,76
2026-04-09 07:48:02,22.85,52.58,3474.92,96,76
2026-04-09 07:53:03,22.87,51.81,3319.50,89,75
2026-04-09 07:58:04,22.77,51.98,3731.76,89,75
2026-04-09 08:03:05,22.89,51.69,4207.87,89,75
2026-04-09 08:08:07,22.92,51.13,4292.53,142,75
2026-04-09 08:13:08,22.88,50.84,4498.17,152,75
2026-04-09 08:18:09,22.95,50.32,4666.66,119,75
2026-04-09 08:23:10,23.13,49.77,4879.77,94,75
2026-04-09 08:28:12,23.30,49.18,5057.96,93,75
2026-04-09 08:33:13,23.24,48.83,4731.35,105,75
2026-04-09 08:38:14,23.01,48.92,4052.70,100,75
2026-04-09 08:43:16,23.14,48.67,3997.31,105,75
2026-04-09 08:48:17,23.26,48.93,5591.71,102,74
2026-04-09 08:53:18,24.24,47.48,7890.63,102,73
2026-04-09 08:58:19,25.07,45.44,7865.53,105,73
2026-04-09 09:03:21,25.45,43.99,6962.80,105,72
2026-04-09 09:08:22,25.81,42.86,6874.52,128,71
2026-04-09 09:13:23,26.17,41.67,8773.58,127,72
2026-04-09 09:18:24,25.73,41.80,5286.09,128,73
2026-04-09 09:23:26,24.90,43.18,7372.30,118,74
2026-04-09 09:28:29,25.01,43.44,7880.25,121,73
2026-04-09 09:33:30,25.03,43.31,7087.69,133,73
2026-04-09 09:38:32,25.21,42.80,6971.66,128,73
2026-04-09 09:43:33,25.20,41.66,7568.48,124,73
2026-04-09 09:48:34,25.85,41.05,8510.13,128,72
2026-04-09 09:53:35,26.03,40.42,8285.30,136,73
2026-04-09 09:58:37,26.07,40.14,7617.34,137,73
2026-04-09 10:03:38,26.32,39.92,8193.14,138,73
2026-04-09 10:08:39,26.20,39.80,8078.89,139,73
2026-04-09 10:13:40,25.85,40.23,7960.29,150,73
2026-04-09 10:18:44,25.75,40.54,6723.43,176,73
2026-04-09 10:23:45,25.36,40.81,6747.38,198,73
2026-04-09 10:28:46,25.18,40.76,6229.88,202,73
2026-04-09 10:33:47,25.00,40.79,6114.40,203,73
2026-04-09 10:38:49,25.17,40.49,6106.54,201,73
2026-04-09 10:43:50,25.06,40.49,5787.68,199,73
2026-04-09 10:48:51,25.05,40.68,5652.66,194,73
2026-04-09 10:53:52,24.86,40.50,4208.92,181,73
2026-04-09 10:58:54,24.29,41.03,4796.08,188,73
2026-04-09 11:03:55,24.35,41.04,5132.62,152,72
2026-04-09 11:08:56,24.72,40.73,5879.93,158,72
2026-04-09 11:13:58,24.79,40.63,5341.88,204,72
2026-04-09 11:18:59,24.71,40.58,5682.57,202,72
2026-04-09 11:24:00,24.69,40.37,5099.88,202,72
2026-04-09 11:29:01,24.72,40.21,5631.14,199,72
2026-04-09 11:34:03,25.07,39.90,7128.25,201,72
2026-04-09 11:39:04,25.12,39.89,5639.60,202,72
2026-04-09 11:44:05,24.64,40.61,5547.15,202,72
2026-04-09 11:49:06,24.99,40.90,6484.40,200,71
2026-04-09 11:54:08,25.36,40.42,5722.70,200,71
2026-04-09 11:59:09,25.54,40.46,6322.33,199,71
2026-04-09 12:04:10,25.11,40.92,6178.87,201,71
2026-04-09 12:09:11,25.08,41.15,6142.92,203,71
2026-04-09 12:14:13,25.26,40.85,6012.19,204,71
2026-04-09 12:19:14,25.37,40.77,5181.06,204,71
2026-04-09 12:24:15,25.05,40.93,5607.21,205,71
2026-04-09 12:29:16,25.13,40.88,5227.73,203,71
2026-04-09 12:34:18,24.50,41.80,4806.28,202,71
2026-04-09 12:39:19,24.58,42.01,5375.26,200,71
2026-04-09 12:44:20,24.87,41.67,4703.90,201,70
2026-04-09 12:49:22,24.36,42.21,3104.75,202,71
2026-04-09 12:54:23,24.06,42.57,4622.51,203,70
2026-04-09 12:59:24,24.31,42.48,5409.34,206,70
2026-04-09 13:04:25,24.81,42.04,5123.73,209,70
2026-04-09 13:09:27,24.93,41.70,3881.01,210,70
2026-04-09 13:14:28,24.47,42.10,3759.72,209,70
2026-04-09 13:19:29,24.79,41.83,4030.39,209,70
2026-04-09 13:24:30,24.52,42.06,4318.14,209,70
2026-04-09 13:29:32,24.21,42.48,4320.19,209,70
2026-04-09 13:34:33,24.50,42.33,4931.03,209,70
2026-04-09 13:39:34,24.73,41.95,4774.79,208,70
2026-04-09 13:44:35,24.78,41.84,3399.65,207,70
2026-04-09 13:49:37,24.62,41.63,3055.26,208,70
2026-04-09 13:54:38,24.73,41.27,3329.49,208,70
2026-04-09 13:59:39,24.80,41.34,4084.31,208,70
2026-04-09 14:04:41,24.44,41.84,3730.23,208,70
2026-04-09 14:09:42,24.55,41.72,3806.33,195,70
2026-04-09 14:14:43,24.70,41.55,3752.33,154,70
2026-04-09 14:19:44,24.66,41.53,4115.60,151,70
2026-04-09 14:24:46,24.78,41.46,4517.35,150,70
2026-04-09 14:29:49,25.04,40.94,4491.08,150,69
2026-04-09 14:34:50,25.28,40.53,4422.05,149,69
2026-04-09 14:39:51,25.49,40.54,4263.45,148,69
2026-04-09 14:44:53,25.45,40.20,4126.81,149,69
2026-04-09 14:49:54,25.37,39.84,4051.78,138,69
2026-04-09 14:54:55,25.18,40.06,3913.41,126,69
2026-04-09 14:59:56,25.22,39.74,3922.48,111,69
2026-04-09 15:04:58,25.43,39.47,3855.91,83,69
2026-04-09 15:09:59,25.35,39.27,3832.37,82,69
2026-04-09 15:40:37,24.86,39.32,2497.08,81,69
2026-04-09 15:45:38,24.60,39.51,2712.62,82,69
2026-04-09 15:50:39,24.57,39.79,2820.06,82,69
2026-04-09 15:55:40,24.62,40.18,2836.31,101,69
2026-04-09 16:00:42,25.03,40.59,2302.66,110,68
2026-04-09 16:05:43,25.24,40.53,2048.38,111,68
2026-04-09 16:10:44,25.38,40.75,2090.15,98,68
2026-04-09 16:15:45,25.33,40.83,1729.98,98,68
2026-04-09 16:20:47,25.33,41.27,1652.29,99,68
2026-04-09 16:25:48,25.30,41.43,1508.94,101,68
2026-04-09 16:30:49,25.17,41.65,1256.35,101,68
2026-04-09 16:35:51,25.11,41.95,1196.94,103,68
2026-04-09 16:40:52,25.11,42.52,1125.96,103,68
2026-04-09 16:45:53,25.03,42.53,1116.92,103,68
2026-04-09 16:50:54,25.00,42.79,1174.74,103,68
2026-04-09 16:55:56,25.00,43.20,1181.14,105,68
2026-04-09 17:00:57,25.00,43.25,1077.13,104,68
2026-04-09 17:05:58,25.00,43.53,606.29,137,68
2026-04-09 17:10:59,24.98,43.62,445.65,191,68
2026-04-09 17:16:01,24.94,43.93,494.51,192,68
2026-04-09 17:21:02,24.92,44.37,525.65,194,68
2026-04-09 17:26:03,24.82,44.29,447.02,195,67
2026-04-09 17:31:07,24.79,44.72,367.07,215,67
2026-04-09 17:36:08,24.80,45.23,325.45,230,67
2026-04-09 17:41:09,24.89,45.76,313.64,231,67
2026-04-09 17:46:10,24.90,45.94,290.21,231,67
2026-04-09 17:51:12,24.79,45.76,248.37,247,66
2026-04-09 17:56:13,24.91,45.51,106.02,314,66
2026-04-09 18:01:14,24.99,44.99,68.47,334,66
2026-04-09 18:06:15,25.00,45.00,67.21,334,66
2026-04-09 18:11:17,25.00,45.08,268.17,334,66
2026-04-09 18:16:18,25.00,45.27,65.89,334,66
2026-04-09 18:21:19,24.99,45.35,65.89,338,66
2026-04-09 18:26:20,24.91,45.06,66.86,340,66
2026-04-09 18:31:22,24.91,45.32,67.28,340,66
2026-04-09 18:36:23,24.91,45.59,66.44,340,66
2026-04-09 18:41:24,24.89,45.65,67.15,340,66
2026-04-09 18:46:26,24.91,46.11,66.76,341,66
2026-04-09 18:51:27,24.91,46.24,66.84,341,66
2026-04-09 18:56:28,24.92,46.18,66.91,341,66
2026-04-09 19:01:29,24.80,46.93,67.28,341,65
2026-04-09 19:06:31,24.71,47.59,67.28,342,65
2026-04-09 19:11:32,24.62,47.70,63.30,342,65
2026-04-09 19:16:33,24.61,47.77,0.00,342,65
2026-04-09 19:21:34,24.61,48.30,0.00,342,65
2026-04-09 19:26:36,24.65,49.12,60.44,343,65
2026-04-09 19:31:37,24.71,50.13,66.56,343,65
2026-04-09 19:36:38,24.71,50.46,66.35,343,65
2026-04-09 19:41:40,24.74,50.55,66.02,343,65
2026-04-09 19:46:41,24.81,50.93,65.89,343,65
2026-04-09 21:49:31,24.68,52.27,50.23,198,63
2026-04-09 21:54:32,24.74,51.77,50.23,195,63
2026-04-09 21:59:33,24.75,52.12,50.23,191,63
2026-04-09 22:04:36,24.83,51.91,49.55,190,62
2026-04-09 22:09:40,24.87,51.92,49.77,183,62
2026-04-09 22:14:41,24.80,52.01,49.77,181,62
2026-04-09 22:19:42,24.80,51.81,49.77,187,62
2026-04-10 04:26:08,22.57,64.25,2.06,354,58
2026-04-10 04:31:09,23.24,59.51,0.00,351,58
2026-04-10 04:36:11,23.46,57.92,0.00,352,58
2026-04-10 04:41:12,23.63,57.76,1.73,274,58
2026-04-10 04:46:13,23.77,59.12,50.96,259,58
2026-04-10 04:51:14,23.85,61.57,50.24,329,58
2026-04-10 04:56:16,23.96,61.06,50.15,326,58
2026-04-10 05:01:17,23.96,61.54,34.66,328,58
2026-04-10 05:06:18,23.90,61.72,0.00,324,58
2026-04-10 05:11:20,23.86,62.37,0.00,322,58
2026-04-10 05:16:21,23.79,61.85,0.00,321,57
2026-04-10 05:21:22,23.30,60.35,24.23,316,58
2026-04-10 05:26:23,21.28,58.60,9.97,240,58
2026-04-10 05:31:24,21.04,58.95,6.99,319,59
2026-04-10 05:36:26,21.04,58.70,2.23,365,59
2026-04-10 05:41:27,21.10,57.99,2.63,366,59
2026-04-10 05:46:28,21.16,57.25,11.78,366,59
2026-04-10 05:51:29,20.55,57.70,31.28,367,59
2026-04-10 05:56:31,20.97,57.22,62.13,367,59
2026-04-10 06:01:34,20.67,56.64,127.93,367,59
2026-04-10 06:06:35,21.03,56.18,222.49,368,58
2026-04-10 06:11:36,20.83,55.81,330.41,368,58
2026-04-10 06:16:38,20.54,55.92,435.49,368,58
2026-04-10 06:21:39,20.68,55.87,556.31,368,58
2026-04-10 06:26:40,20.64,55.65,855.82,369,58
2026-04-10 06:31:41,20.57,55.73,898.07,369,58
2026-04-10 06:36:43,20.64,55.69,1036.71,369,58
2026-04-10 06:41:44,20.77,55.35,1240.49,367,58
2026-04-10 06:46:45,20.82,55.04,976.63,113,57
2026-04-10 06:51:46,20.97,54.88,1066.62,109,57
2026-04-10 06:56:48,21.03,54.34,1282.41,108,57
2026-04-10 07:01:49,21.01,54.30,1239.16,106,57
2026-04-10 07:06:50,21.00,54.36,1222.77,105,57
2026-04-10 07:11:51,21.10,54.10,1531.80,249,57
2026-04-10 07:16:53,21.27,53.50,1437.93,287,57
2026-04-10 07:21:54,21.12,53.89,1422.07,204,57
2026-04-10 07:26:55,21.34,53.53,2149.56,187,57
2026-04-10 07:31:56,21.52,53.28,2236.50,106,56
2026-04-10 07:36:58,21.68,52.63,2966.02,158,56
2026-04-10 07:41:59,21.74,52.40,3133.48,175,56
2026-04-10 07:47:00,21.95,52.07,3622.00,268,56
2026-04-10 07:52:01,21.58,52.82,2535.20,289,56
2026-04-10 07:57:03,21.59,53.00,2729.29,258,56
2026-04-10 08:02:04,21.86,52.34,2765.63,274,56
2026-04-10 08:07:05,21.80,52.51,2801.57,286,56
2026-04-10 08:12:06,21.78,52.66,3533.47,264,56
2026-04-10 08:17:07,22.08,51.67,2855.41,289,56
2026-04-10 08:22:09,22.49,51.58,5585.93,293,56
2026-04-10 08:27:10,28.97,40.97,7177.10,287,53
2026-04-10 08:32:11,31.19,33.47,6824.45,355,53
2026-04-10 08:37:13,29.59,35.80,5045.30,356,54
2026-04-10 08:42:16,32.88,31.31,5255.38,352,53
2026-04-10 08:47:17,32.97,30.38,5383.98,352,53
2026-04-10 08:52:18,34.17,27.08,5117.10,349,53
2026-04-10 08:57:20,33.65,27.01,4842.92,349,53
2026-04-10 09:02:21,33.45,27.23,4911.55,347,53
2026-04-10 09:07:22,33.16,28.03,5507.81,347,53
2026-04-10 09:12:24,29.91,31.05,6447.88,349,55
2026-04-10 09:17:25,28.14,34.43,8586.83,354,55
2026-04-10 09:22:26,27.75,35.39,8168.20,354,56
2026-04-10 09:27:27,25.68,39.71,6693.50,361,55
2026-04-10 09:32:29,25.70,41.75,6819.28,363,54
2026-04-10 09:37:30,25.09,41.93,6479.57,364,54
2026-04-10 09:42:31,25.09,42.52,6747.99,365,54
2026-04-10 09:47:35,25.31,42.35,5856.32,367,53
2026-04-10 09:52:36,25.71,41.91,6181.32,367,53
2026-04-10 09:57:37,25.70,41.95,5925.52,367,53
2026-04-10 10:02:38,25.56,41.94,5871.94,367,53
2026-04-10 10:07:40,25.29,42.10,6463.41,366,53
2026-04-10 10:12:41,25.26,42.03,6405.86,366,53
2026-04-10 10:17:42,24.85,42.43,6570.56,366,53
2026-04-10 10:22:43,25.25,41.90,7419.69,368,53
2026-04-10 10:27:45,25.77,41.16,6783.45,367,53
2026-04-10 10:32:46,25.83,41.06,6478.95,367,52
2026-04-10 10:37:47,25.68,40.91,5549.59,368,52
2026-04-10 10:42:48,25.10,41.05,3746.36,370,51
2026-04-10 10:47:50,24.62,41.53,2356.05,371,52
2026-04-10 10:52:51,24.65,41.76,3141.71,371,51
2026-04-10 10:57:52,24.64,41.74,4943.38,371,51
2026-04-10 11:02:53,24.90,41.76,7024.23,372,51
2026-04-10 11:07:59,25.34,41.05,6244.84,372,50
2026-04-10 11:13:00,25.22,40.93,5415.74,372,50
2026-04-10 11:18:01,25.02,40.97,4873.46,373,50
2026-04-10 11:23:03,24.90,41.31,5206.01,374,50
2026-04-10 11:28:04,25.24,40.68,5162.34,374,49
2026-04-10 11:33:05,25.04,40.83,4315.95,375,49
2026-04-10 11:38:06,24.68,41.18,4316.84,376,49
2026-04-10 11:43:08,24.90,41.07,5036.17,377,49
2026-04-10 11:48:09,25.19,40.76,6399.13,377,48
2026-04-10 11:53:10,25.81,40.12,6157.21,376,48
2026-04-10 11:58:11,25.60,39.98,6037.96,376,48
2026-04-10 12:03:13,25.41,40.50,5565.54,377,48
2026-04-10 12:08:14,25.54,39.82,4798.84,379,47
2026-04-10 12:13:15,24.78,40.67,4503.37,380,47
2026-04-10 12:18:16,24.78,41.03,3980.07,380,47
2026-04-10 13:14:25,24.83,41.79,4889.00,387,45
2026-04-10 13:19:26,24.93,41.64,4279.28,386,45
2026-04-10 13:24:27,24.92,41.42,4217.39,386,44
2026-04-10 13:29:29,24.96,41.44,4002.45,371,52
2026-04-10 13:36:44,25.12,42.27,4355.83,167,81
2026-04-10 13:52:15,24.71,41.62,3532.16,172,77
2026-04-10 13:57:17,24.36,41.86,657.79,174,76
2026-04-10 14:02:18,24.71,41.96,152.07,175,76
2026-04-10 14:07:19,24.52,41.91,3078.67,176,76
2026-04-10 14:12:20,24.09,42.22,4003.15,175,75
2026-04-10 14:17:22,24.32,42.47,4065.16,178,75
2026-04-10 14:22:23,24.03,42.89,3530.74,177,75
2026-04-10 14:27:24,24.11,43.05,3767.12,176,74
2026-04-10 14:32:25,23.85,43.58,3246.87,177,74
2026-04-10 14:37:27,24.15,43.16,3142.37,176,74
2026-04-10 14:42:28,23.97,43.41,2595.70,176,74
2026-04-10 14:47:29,24.20,43.01,2119.10,177,74
2026-04-10 14:52:30,24.05,42.95,1806.47,177,74
2026-04-10 14:57:32,23.96,42.97,1647.34,176,74
2026-04-10 15:02:33,23.62,43.54,1592.48,177,74
2026-04-10 15:07:34,23.81,43.96,1735.70,178,73
2026-04-10 15:12:36,23.81,43.83,2143.67,178,73
2026-04-10 15:17:37,23.96,43.53,2860.12,178,73
2026-04-10 15:22:38,24.05,43.57,3539.50,178,73
2026-04-10 15:27:39,24.13,43.38,3207.57,178,73
2026-04-10 15:32:41,24.35,43.49,2386.22,179,73
2026-04-10 15:37:42,24.24,43.35,1923.84,178,73
2026-04-10 15:42:43,24.15,43.48,2016.80,177,73
2026-04-10 15:47:44,24.11,43.67,2453.56,179,73
2026-04-10 15:52:46,24.23,43.97,2339.93,182,72
2026-04-10 15:57:47,24.07,43.68,2129.84,178,72
2026-04-10 16:02:48,24.25,43.65,2226.12,179,72
2026-04-10 16:07:49,24.60,44.04,1753.72,180,72
2026-04-10 16:13:50,24.98,44.18,1724.59,182,72
2026-04-10 16:18:51,25.00,43.98,2087.74,184,72
2026-04-10 16:23:52,25.00,43.93,1632.84,184,72
2026-04-10 16:28:53,24.99,44.15,1034.47,184,72
2026-04-10 16:33:55,24.89,44.14,787.01,183,72
2026-04-10 16:38:56,24.78,44.24,646.71,185,72
2026-04-10 16:43:57,24.70,44.29,567.03,186,72
2026-04-10 16:48:58,24.60,44.48,635.04,185,72
2026-04-10 16:54:00,24.60,44.89,595.32,185,72
2026-04-10 16:59:01,24.50,44.90,470.96,186,72
2026-04-10 17:04:02,24.50,44.82,397.36,187,72
2026-04-10 17:09:04,24.41,45.00,558.21,188,72
2026-04-10 17:14:05,24.40,45.46,578.70,188,72
2026-04-10 17:19:06,24.40,45.37,462.00,189,72
2026-04-10 17:24:07,24.40,45.61,577.23,190,72
2026-04-10 17:29:09,24.39,45.44,565.25,195,71
2026-04-10 17:34:10,24.30,45.78,301.80,194,71
2026-04-10 17:39:11,24.23,46.10,146.21,194,71
2026-04-10 17:44:12,24.16,46.41,96.14,195,71
2026-04-10 17:49:14,24.10,46.50,72.55,195,71
2026-04-10 17:54:15,24.10,46.54,62.05,197,71
2026-04-10 17:59:16,24.10,46.59,42.17,198,70
2026-04-10 18:04:17,24.10,47.11,14.59,199,70
2026-04-10 18:09:19,24.10,47.90,6.94,204,70
2026-04-10 18:14:20,24.22,48.48,57.45,213,70
2026-04-10 19:48:45,24.21,56.88,58.46,297,69
2026-04-10 19:53:47,24.16,57.43,47.79,293,69
2026-04-10 19:58:48,24.10,58.14,0.00,288,69
2026-04-10 20:03:49,24.00,59.34,0.00,282,69
2026-04-10 20:08:50,23.91,59.74,5.30,278,70
2026-04-10 20:13:52,23.91,59.96,0.00,274,70
2026-04-10 20:18:53,23.89,60.80,0.49,273,70
2026-04-10 20:23:54,23.84,59.78,71.12,272,70
2026-04-10 20:28:56,23.91,60.05,69.93,278,70
2026-04-10 20:33:57,23.91,59.39,50.57,276,70
2026-04-10 20:38:58,23.91,59.59,0.00,277,70
2026-04-10 20:43:59,23.91,59.46,0.00,278,69
2026-04-10 20:49:01,23.87,60.16,0.00,281,69
2026-04-10 20:54:02,23.85,60.75,0.00,280,68
2026-04-10 20:59:03,23.85,60.06,51.35,284,65
2026-04-10 21:04:04,23.91,59.78,56.47,286,64
2026-04-10 21:09:06,23.92,59.04,56.01,299,64
2026-04-10 21:14:07,23.94,58.17,55.86,316,63
2026-04-10 21:19:08,23.90,57.84,55.94,315,63
2026-04-10 21:24:09,23.90,57.12,55.88,318,63
2026-04-10 21:29:11,23.90,56.92,55.77,321,62
2026-04-10 21:34:12,23.90,56.77,55.82,320,62
2026-04-10 21:39:13,23.97,56.30,56.11,317,62
2026-04-10 21:44:14,24.07,55.67,56.19,315,63
2026-04-10 21:49:16,24.04,55.48,56.21,314,63
2026-04-10 21:54:17,23.91,55.96,56.20,312,63
2026-04-10 21:59:18,23.90,55.94,56.22,313,63
2026-04-10 22:04:19,23.90,55.77,56.21,310,63
2026-04-10 22:09:21,23.90,55.32,56.22,309,63
2026-04-10 22:14:22,23.89,55.29,56.22,308,63
2026-04-10 22:19:23,23.90,55.20,56.22,308,63
2026-04-10 22:24:24,23.91,55.05,56.22,307,63
2026-04-10 22:29:26,23.91,54.46,56.22,306,63
2026-04-10 22:34:27,23.91,53.88,56.22,304,63
2026-04-10 22:39:28,23.91,53.31,56.22,303,63
2026-04-10 22:44:29,23.91,53.00,56.22,302,63
2026-04-10 22:49:31,23.91,52.73,56.22,301,63
2026-04-10 22:54:32,23.89,52.16,55.79,299,63
2026-04-11 07:36:22,22.24,59.41,2115.59,356,60
2026-04-11 07:41:23,22.82,57.11,2337.78,355,60
2026-04-11 07:46:25,23.00,55.52,2565.29,355,60
2026-04-11 07:51:26,23.34,54.72,3326.09,356,59
2026-04-11 07:56:27,24.36,52.24,5684.06,355,59
2026-04-11 08:01:28,24.82,49.83,4808.75,355,58
2026-04-11 08:06:30,24.10,50.63,3313.53,355,58
2026-04-11 08:11:31,23.90,51.57,4156.59,357,58
2026-04-11 08:16:32,23.80,51.66,3768.79,356,58
2026-04-11 08:21:34,23.80,51.88,4037.10,356,59
2026-04-11 08:26:35,23.67,50.79,5120.56,356,58
2026-04-11 08:31:36,23.38,50.25,4902.89,356,58
2026-04-11 08:36:37,23.46,49.12,4065.21,356,59
2026-04-11 08:41:39,23.03,48.71,3816.34,357,59
2026-04-11 08:46:42,23.00,48.44,3925.99,353,59
2026-04-11 08:51:43,22.68,48.32,4338.83,343,54
2026-04-11 08:56:44,22.45,48.22,4357.25,352,54
2026-04-11 09:01:46,22.31,48.05,4558.90,357,56
2026-04-11 09:06:47,22.18,48.06,3400.00,359,55
2026-04-11 09:11:48,22.18,47.58,4727.80,360,55
2026-04-11 09:16:50,22.77,46.96,9995.22,358,55
2026-04-11 09:21:51,25.48,43.32,14644.61,362,54
2026-04-11 09:26:52,25.11,41.89,9872.45,355,54
2026-04-11 09:55:50,25.28,40.48,8541.81,176,70
2026-04-11 10:00:51,25.14,41.05,7877.27,204,68
2026-04-11 10:05:53,24.57,41.98,7715.32,182,61
2026-04-11 10:10:54,24.94,42.03,8406.21,184,56
2026-04-11 10:15:55,24.58,41.76,8371.30,171,57
2026-04-11 10:20:56,24.40,41.91,6999.71,166,60
2026-04-11 10:25:58,24.18,42.42,6628.86,167,58
2026-04-11 10:30:59,24.08,42.53,6825.92,167,59
2026-04-11 10:36:00,24.00,42.55,5741.93,165,58
2026-04-11 10:41:02,23.77,42.90,4890.65,164,57
2026-04-11 10:46:03,23.67,43.26,4778.51,163,58
2026-04-11 10:51:04,23.57,43.59,4411.11,164,59
2026-04-11 10:56:05,23.79,43.93,5668.68,166,59
2026-04-11 11:01:07,23.88,43.95,4541.73,166,59
2026-04-11 11:06:08,23.60,44.04,4556.93,164,57
2026-04-11 11:11:09,23.40,44.25,4356.85,164,57
2026-04-11 11:16:10,23.41,44.24,3777.72,165,57
2026-04-11 11:21:12,23.35,44.42,4493.51,166,58
2026-04-11 11:26:13,23.34,44.52,5382.83,167,57
2026-04-11 11:31:14,23.25,44.72,5038.82,166,57
2026-04-11 11:36:16,23.22,44.75,4158.89,168,56
2026-04-11 11:41:17,23.48,44.36,4527.65,166,58
2026-04-11 11:46:18,23.64,44.27,5573.21,166,58
2026-04-11 11:51:19,23.55,44.33,4933.99,166,58
2026-04-11 11:56:21,23.99,43.75,6518.71,166,58
2026-04-11 12:01:22,23.90,43.74,6179.81,166,58
2026-04-11 12:06:25,23.97,43.70,6455.08,166,58
2026-04-11 12:11:26,24.09,42.98,5760.90,165,58
2026-04-11 12:16:28,24.15,42.84,4765.91,164,57
2026-04-11 12:21:29,23.96,42.96,4842.74,162,57
2026-04-11 12:26:30,23.97,42.86,5277.19,162,57
2026-04-11 12:31:32,24.09,42.51,5143.45,162,57
2026-04-11 12:36:33,24.01,42.66,5004.71,162,57
2026-04-11 12:41:34,23.92,42.84,4913.51,162,57
2026-04-11 12:46:35,23.84,43.00,5234.70,161,57
2026-04-11 12:51:37,23.90,43.03,5011.43,162,57
2026-04-11 12:56:38,23.96,43.07,4867.92,163,56
2026-04-11 13:01:41,24.08,43.04,5036.05,165,56
2026-04-11 13:06:43,24.08,42.72,4839.83,163,56
2026-04-11 13:11:44,24.17,42.92,3657.21,164,56
2026-04-11 13:16:45,24.26,43.24,3556.83,167,56
2026-04-11 13:21:46,23.77,43.61,1900.50,170,55
2026-04-11 13:26:48,23.57,43.80,2496.28,176,53
2026-04-11 13:31:49,23.68,43.74,3157.05,179,51
2026-04-11 14:18:31,23.45,42.70,2888.19,177,51
2026-04-11 14:23:34,23.41,42.83,2777.82,179,50
2026-04-11 21:43:24,23.33,61.12,10.80,168,64
2026-04-11 21:48:25,23.90,59.37,10.60,159,64
2026-04-11 21:53:26,24.07,58.03,10.60,157,64
2026-04-11 21:58:27,24.22,57.20,10.60,172,64
2026-04-11 22:03:29,24.31,56.82,10.60,174,64
2026-04-11 22:08:30,24.31,56.30,10.60,165,64
2026-04-11 22:13:31,24.34,56.19,10.60,161,64
2026-04-11 22:18:32,24.31,55.77,10.60,156,64
2026-04-11 22:23:34,24.31,55.46,10.60,153,64
2026-04-11 22:28:35,24.42,55.11,10.60,151,64
2026-04-11 22:33:36,24.51,54.87,10.60,153,64
2026-04-11 22:38:37,24.51,54.85,10.60,149,64
2026-04-11 22:43:39,24.51,54.71,10.60,145,64
2026-04-11 22:48:42,24.49,54.60,10.60,143,64
2026-04-11 22:53:43,24.51,54.62,10.60,140,64
2026-04-11 22:58:45,24.51,54.30,10.60,136,64
2026-04-12 08:28:22,28.27,42.81,3457.36,89,61
2026-04-12 08:47:42,29.99,31.97,16670.10,61,62
2026-04-12 10:06:11,24.70,36.08,3094.82,60,48
2026-04-12 10:13:42,24.26,37.85,2024.37,64,50
2026-04-12 10:18:43,24.16,38.14,2045.64,64,49
2026-04-12 10:23:44,23.82,39.20,2574.32,65,49
2026-04-12 10:28:45,23.66,39.67,1305.50,68,49
2026-04-12 10:33:47,23.75,40.15,2301.46,70,49
2026-04-12 10:38:48,23.72,39.66,1817.05,66,49
2026-04-12 10:43:49,23.23,40.10,1517.42,67,48
2026-04-12 10:48:51,23.61,40.15,1673.30,70,48
2026-04-12 10:53:52,23.45,39.87,2323.34,68,48
2026-04-12 10:58:53,23.36,40.00,2567.96,66,48
2026-04-12 11:03:54,23.68,39.67,2068.70,67,48
2026-04-12 11:08:56,23.71,39.38,2484.02,68,47
2026-04-12 13:20:04,24.56,41.58,43.35,89,44
2026-04-12 13:25:05,24.78,43.40,45.54,103,43
2026-04-12 13:30:06,24.92,43.44,47.32,108,43
2026-04-12 13:35:08,25.00,43.15,49.33,110,43
2026-04-12 13:49:49,25.00,41.07,42.62,102,97
2026-04-12 13:54:50,25.00,40.77,49.75,101,97
2026-04-12 13:59:51,24.79,40.78,304.58,99,97
2026-04-12 14:04:53,24.41,40.71,293.32,96,97
2026-04-12 14:09:54,24.45,40.71,288.29,97,96
2026-04-12 14:14:55,24.10,40.46,284.34,92,96
2026-04-12 14:19:56,23.92,40.72,294.91,90,96
2026-04-12 14:24:58,24.19,40.43,288.29,92,96
2026-04-12 14:29:59,24.10,40.51,282.90,93,96
2026-04-12 14:35:00,24.05,40.42,277.08,91,96
2026-04-12 14:40:01,24.21,40.29,271.10,91,95
2026-04-12 14:45:03,23.90,40.58,266.82,91,95
2026-04-12 14:50:04,24.09,40.58,262.08,93,95
2026-04-12 14:55:05,24.22,40.58,251.71,93,95
2026-04-12 15:00:06,24.12,40.40,248.22,92,95
2026-04-12 15:05:08,24.12,40.32,243.01,95,95
2026-04-12 15:10:09,24.00,40.20,236.22,89,95
2026-04-12 15:15:10,23.71,40.18,233.05,86,95
2026-04-12 15:20:11,23.71,40.54,232.48,87,95
2026-04-12 15:25:13,23.93,40.56,225.44,88,94
2026-04-12 15:30:14,24.09,40.44,221.21,91,94
2026-04-12 15:35:15,24.15,40.44,216.50,92,94
2026-04-12 15:40:16,24.20,40.29,216.79,92,94
2026-04-12 15:45:18,23.78,40.83,216.83,91,94
2026-04-12 15:50:19,23.92,40.75,212.52,93,94
2026-04-12 15:55:20,23.97,40.71,209.51,94,94
2026-04-12 16:00:21,23.76,41.07,208.64,105,93
2026-04-12 16:05:23,23.56,41.52,204.57,100,93
2026-04-12 16:10:24,23.82,42.05,185.72,109,93
2026-04-12 16:15:25,23.86,42.18,187.60,105,93
2026-04-12 16:20:26,24.09,41.63,177.01,101,93
2026-04-12 16:25:28,23.90,42.22,175.74,106,93
2026-04-12 16:30:29,23.59,41.97,170.39,103,93
2026-04-12 16:35:32,23.60,41.90,163.42,100,93
2026-04-12 16:40:34,23.57,41.55,153.15,96,93
2026-04-12 16:45:35,23.75,41.67,149.90,98,93
2026-04-12 16:50:36,23.61,41.33,152.12,94,93
2026-04-12 16:55:37,23.78,41.53,164.73,97,93
2026-04-12 17:00:39,23.74,41.46,181.03,95,93
2026-04-12 17:05:40,23.89,41.66,231.11,96,93
2026-04-12 17:10:41,23.58,41.59,231.16,95,93
2026-04-12 17:15:42,23.16,41.99,211.86,94,93
2026-04-12 17:20:44,23.50,42.36,206.99,98,92
2026-04-12 17:25:45,23.47,42.33,143.39,98,92
2026-04-12 17:30:46,23.41,42.47,108.37,97,92
2026-04-12 17:35:47,24.06,42.90,77.76,106,92
2026-04-12 17:40:49,24.48,43.01,59.65,112,92
2026-04-12 17:45:50,24.67,43.96,46.51,120,92
2026-04-12 17:50:51,24.77,45.01,33.45,124,92
2026-04-12 17:55:52,24.80,45.68,40.26,127,92
2026-04-12 18:00:56,24.80,46.37,30.58,128,92
2026-04-12 18:05:57,24.74,47.28,25.20,130,92
2026-04-12 18:10:58,24.80,48.05,22.56,132,92
2026-04-12 18:16:00,24.80,49.00,21.30,139,92
2026-04-12 18:21:01,24.80,49.50,20.74,146,92
2026-04-12 18:26:02,24.91,50.36,20.74,148,92
2026-04-12 18:31:03,24.96,50.91,20.56,150,92
2026-04-12 18:36:05,24.97,51.28,20.71,150,92
2026-04-12 18:41:06,25.00,51.66,20.74,151,92
2026-04-12 18:46:07,24.95,52.25,20.74,152,92
2026-04-12 18:51:08,24.94,52.56,20.74,150,92
2026-04-12 18:56:10,24.95,53.05,20.67,150,91
2026-04-12 19:01:11,25.00,53.44,20.73,149,91
2026-04-12 19:06:12,25.00,53.62,20.74,153,91
2026-04-12 19:11:13,25.00,53.83,20.74,160,91
2026-04-12 19:16:15,25.00,53.50,20.74,157,91
2026-04-12 19:21:16,24.93,53.76,20.74,153,91
2026-04-12 19:26:17,24.94,53.77,20.18,152,91
2026-04-12 19:31:18,25.00,53.92,3.35,151,91
2026-04-12 19:36:20,24.98,54.08,0.00,151,91
2026-04-12 19:41:21,24.90,54.39,0.00,151,91
2026-04-12 19:46:22,24.90,54.49,0.00,149,91
2026-04-12 19:51:23,24.80,54.57,0.00,146,91
2026-04-12 19:56:25,24.80,54.88,7.08,145,91
2026-04-12 20:01:26,24.80,55.07,9.35,144,91
2026-04-12 20:06:27,24.80,54.74,0.00,141,91
2026-04-12 20:11:30,24.78,55.27,1.56,151,91
2026-04-12 20:16:32,24.80,55.99,20.63,197,91
2026-04-12 20:21:33,24.86,56.25,20.73,202,91
2026-04-12 20:26:34,24.82,56.19,20.74,195,91
2026-04-12 20:31:35,24.80,56.14,20.74,196,91
2026-04-12 20:36:37,24.89,56.03,20.74,191,91
2026-04-12 20:41:38,24.90,55.89,20.74,185,91
2026-04-12 20:46:39,24.90,55.77,20.74,179,91
2026-04-12 20:51:40,24.90,55.63,20.73,175,91
2026-04-12 20:56:42,24.90,55.58,20.74,170,91
2026-04-12 21:01:43,24.90,55.25,20.74,165,91
2026-04-12 21:06:44,24.91,55.18,20.74,161,91
2026-04-12 21:11:45,25.00,55.07,20.74,160,91
2026-04-12 21:16:47,25.00,54.72,20.74,166,91
2026-04-12 21:21:48,25.00,54.47,20.74,174,91
2026-04-12 21:26:49,25.00,54.36,21.04,183,90
2026-04-12 21:31:50,25.00,54.47,22.12,203,90
2026-04-13 04:27:33,22.44,61.02,1.55,141,88
2026-04-13 04:32:34,22.98,57.95,0.00,144,88
2026-04-13 04:37:35,23.00,56.05,0.00,143,88
2026-04-13 04:42:37,23.04,55.19,0.00,143,88
2026-04-13 04:47:38,23.01,54.83,12.06,148,88
2026-04-13 04:52:39,23.13,56.30,20.43,192,88
2026-04-13 04:57:40,23.20,57.69,20.12,296,88
2026-04-13 05:02:42,23.20,57.35,19.27,290,88
2026-04-13 05:07:43,21.64,56.73,3.70,212,88
2026-04-13 05:12:44,20.54,58.20,0.00,166,88
2026-04-13 13:03:27,23.91,56.61,1956.46,120,82
2026-04-13 13:08:28,23.80,57.07,1889.21,122,82
2026-04-13 13:13:29,23.77,57.32,1906.83,125,81
2026-04-13 13:18:31,23.51,57.68,1916.80,122,81
2026-04-13 13:23:32,23.36,57.85,1696.24,122,81
2026-04-13 13:28:33,23.41,57.83,1797.11,123,81
2026-04-13 13:33:34,23.47,57.55,2073.77,123,81
2026-04-13 13:38:36,23.75,57.02,2270.53,122,81
2026-04-13 13:43:37,24.00,56.72,2292.55,120,80
2026-04-13 13:48:38,24.35,56.26,2470.81,123,80
2026-04-13 13:53:39,24.51,55.85,2365.13,124,80
2026-04-13 13:58:41,24.43,55.47,1708.62,160,80
2026-04-13 14:03:42,24.27,55.31,1827.00,145,80
2026-04-13 14:08:43,24.00,55.87,1812.64,141,80
2026-04-13 14:13:44,23.84,56.33,1503.65,131,80
2026-04-13 14:18:46,23.78,56.50,1500.91,128,80
2026-04-13 14:23:47,23.81,56.60,1623.04,142,80
2026-04-13 14:28:48,23.54,56.82,1356.17,123,79
2026-04-13 14:33:50,23.48,57.14,1729.25,120,79
2026-04-13 14:38:51,23.45,56.91,1660.41,118,79
2026-04-13 14:43:52,23.42,56.67,1609.23,118,79
2026-04-13 14:48:53,23.36,56.69,1700.21,151,79
2026-04-13 14:53:55,23.39,56.69,1596.24,132,78
2026-04-13 14:58:56,23.55,56.33,1139.44,122,78
2026-04-13 15:03:57,23.13,56.79,834.40,118,78
2026-04-13 15:08:58,23.13,57.24,1222.48,118,78
2026-04-13 15:13:59,23.19,57.44,1163.93,117,78
2026-04-13 15:19:01,23.36,57.43,1264.50,120,78
2026-04-13 15:24:02,23.15,57.79,1015.55,117,78
2026-04-13 15:29:03,23.20,57.60,1025.84,115,77
2026-04-13 15:34:04,23.00,57.98,827.96,113,77
2026-04-13 15:39:06,22.92,58.18,922.21,114,77
2026-04-13 15:44:07,22.87,57.97,845.51,115,77
2026-04-13 15:49:10,23.14,57.00,849.33,110,78
2026-04-13 15:54:11,23.15,56.31,1029.74,105,78
2026-04-13 15:59:13,23.42,55.62,1088.33,106,77
2026-04-13 16:04:14,23.40,55.62,952.60,108,77
2026-04-13 16:09:15,23.30,55.86,930.08,111,77
2026-04-13 16:14:16,23.22,55.78,733.29,109,77
2026-04-13 16:19:18,23.20,55.85,786.52,110,77
2026-04-13 16:24:19,23.50,55.51,869.51,111,77
2026-04-13 16:29:20,23.44,55.22,984.16,109,76
2026-04-13 16:34:21,23.59,55.30,1057.33,112,76
2026-04-13 16:39:23,23.74,55.38,958.17,110,75
2026-04-13 16:44:24,23.77,55.55,728.56,112,75
2026-04-13 16:49:25,23.55,55.73,715.37,113,74
2026-04-13 16:54:26,23.62,56.05,596.23,125,74
2026-04-13 16:59:28,23.54,56.19,505.14,120,74
2026-04-13 17:04:29,23.41,56.69,481.74,122,74
2026-04-13 17:09:30,23.62,57.23,305.96,131,74
2026-04-13 17:14:32,23.87,57.29,245.72,138,74
2026-04-13 17:19:33,23.92,57.37,217.15,141,73
2026-04-13 17:24:34,24.01,57.15,229.85,146,73
2026-04-13 17:29:35,24.08,57.09,223.77,149,73
2026-04-13 17:34:37,24.11,57.03,161.29,175,73
2026-04-13 17:39:38,24.11,57.14,101.50,182,72
2026-04-13 17:44:39,24.11,57.23,68.08,189,72
2026-04-13 17:49:40,24.11,57.18,41.02,189,72
2026-04-13 17:54:42,24.12,57.27,33.61,186,72
2026-04-13 17:59:43,24.08,57.20,26.49,181,71
2026-04-13 20:18:24,23.80,56.09,11.06,228,67
2026-04-13 20:23:25,23.74,56.08,10.69,218,67
2026-04-13 20:28:27,23.74,56.27,11.05,217,66
2026-04-13 20:33:28,23.87,56.50,11.06,209,67
2026-04-13 20:38:29,23.90,56.57,11.06,206,66
2026-04-13 20:43:30,23.90,56.71,11.06,202,66
2026-04-13 20:48:32,23.90,56.83,11.06,199,66
2026-04-13 20:53:33,23.88,56.78,11.06,196,66
2026-04-13 20:58:34,23.90,56.80,11.06,193,66
2026-04-13 21:03:36,23.90,56.80,11.06,191,66
2026-04-13 21:08:37,23.90,56.87,11.06,191,66
2026-04-13 21:13:40,23.91,56.86,11.06,188,66
2026-04-13 21:18:41,23.90,56.84,11.06,187,66
2026-04-13 21:23:43,23.90,56.79,11.06,186,65
2026-04-14 04:25:10,21.78,64.06,0.08,154,60
2026-04-14 04:30:11,22.36,60.64,0.00,153,59
2026-04-14 04:35:12,22.58,59.44,0.00,158,58
2026-04-14 04:40:13,22.61,58.87,5.12,170,57
2026-04-14 04:45:15,22.62,59.26,11.50,187,56
2026-04-14 04:50:16,22.68,60.30,10.40,201,56
2026-04-14 04:55:17,22.68,60.65,10.56,210,56
2026-04-14 05:00:18,22.60,60.59,10.21,221,56
2026-04-14 05:05:20,22.54,61.11,10.09,248,56
2026-04-14 05:10:21,22.55,60.93,10.55,264,56
2026-04-14 05:15:22,22.27,60.79,10.60,250,56
2026-04-14 05:20:23,22.19,60.61,4.83,245,56
2026-04-14 05:25:25,22.21,60.09,6.00,245,56
2026-04-14 05:36:32,21.98,60.47,9.27,226,74
2026-04-14 21:33:29,22.61,65.42,8.52,148,41
2026-04-14 21:38:31,23.02,62.60,9.22,153,42
2026-04-14 21:43:32,23.20,61.77,9.22,162,42
2026-04-14 21:48:33,23.28,61.26,9.22,168,42
2026-04-14 21:53:34,23.37,60.92,9.22,170,42
2026-04-14 21:58:36,23.45,60.56,9.21,172,42
2026-04-14 22:03:37,23.59,60.56,8.47,188,80
2026-04-14 22:08:38,23.57,60.22,9.22,187,79
2026-04-14 22:13:39,23.60,60.10,9.22,186,78
2026-04-14 22:18:41,23.64,59.96,9.22,187,78
2026-04-14 22:23:42,23.71,59.75,9.22,204,77
2026-04-14 22:28:43,23.68,59.82,9.22,216,77
2026-04-14 22:33:44,23.70,59.85,9.22,207,77
2026-04-14 22:38:46,23.70,59.80,9.22,207,77
2026-04-15 06:53:13,22.06,71.24,10.96,182,74
2026-04-15 06:58:14,22.57,68.69,100.24,182,74
2026-04-15 19:51:34,21.69,72.00,0.41,183,59
2026-04-15 19:56:36,22.27,68.14,0.00,162,60
2026-04-15 20:01:37,22.54,67.19,7.57,173,59
2026-04-15 20:06:38,22.83,66.53,9.74,175,59
2026-04-15 20:11:39,22.99,66.27,10.14,172,61
2026-04-15 20:16:41,23.00,65.85,10.14,171,62
2026-04-15 20:21:42,23.00,65.20,10.10,173,62
2026-04-15 20:26:43,23.17,64.87,10.13,179,60
2026-04-15 20:31:44,23.21,64.47,10.14,184,60
2026-04-15 20:36:46,23.20,64.17,10.14,185,60
2026-04-15 20:41:47,23.21,63.91,10.13,188,59
2026-04-15 20:46:48,23.21,63.58,10.35,184,60
2026-04-15 20:51:49,23.21,63.27,10.60,181,60
2026-04-15 20:56:51,23.21,63.37,10.60,179,60
2026-04-15 21:01:52,23.21,63.17,10.60,182,60
2026-04-16 06:40:47,21.69,74.29,16.17,284,58
2026-04-16 06:51:37,22.99,70.80,281.63,266,58
2026-04-16 06:56:39,22.97,68.40,342.25,254,58
2026-04-16 07:01:40,23.00,67.49,332.21,253,57
2026-04-16 07:06:41,23.00,67.38,301.25,249,57
2026-04-16 07:11:42,23.00,67.46,308.49,244,57
2026-04-16 07:33:37,23.26,65.98,271.18,274,71
2026-04-16 07:38:38,23.00,65.88,266.53,269,69
2026-04-16 07:43:40,22.98,66.13,282.15,272,67
2026-04-16 07:48:41,22.80,65.99,359.05,269,68
2026-04-16 07:53:42,22.71,65.60,507.27,263,68
2026-04-16 07:58:43,22.71,64.92,527.28,259,68
2026-04-16 08:03:45,22.71,64.47,677.03,256,68
2026-04-16 08:08:46,22.85,63.71,1081.78,252,68
2026-04-16 08:13:47,22.99,62.97,1041.16,248,68
2026-04-16 08:18:48,22.99,62.41,786.62,245,68
2026-04-16 08:23:50,22.85,62.28,567.90,248,67
2026-04-16 08:28:53,22.74,62.24,538.90,248,67
2026-04-16 08:33:54,22.70,62.05,656.90,241,68
2026-04-16 08:38:55,22.69,61.81,491.88,235,68
2026-04-16 08:43:57,22.60,61.76,492.41,233,68
2026-04-16 08:48:58,22.65,61.56,731.88,237,67
2026-04-16 08:53:59,22.95,60.85,1242.94,230,68
2026-04-16 08:59:00,23.41,59.43,1609.00,224,69
2026-04-16 09:04:02,23.40,59.11,1081.75,222,70
2026-04-16 09:09:03,23.30,59.16,1056.45,221,70
2026-04-16 09:14:04,23.36,59.02,1232.03,221,69
2026-04-16 09:19:06,23.47,58.77,1316.78,222,69
2026-04-16 09:24:07,23.51,58.46,1268.71,222,69
2026-04-16 09:29:08,23.47,58.39,1116.83,222,69
2026-04-16 09:34:09,23.36,58.43,894.74,222,69
2026-04-16 09:39:11,23.30,58.53,932.70,221,69
2026-04-16 09:44:12,23.30,58.57,1088.75,221,69
2026-04-16 09:49:13,23.38,58.52,1060.39,221,69
2026-04-16 09:54:14,23.38,58.48,1033.66,219,68
2026-04-16 09:59:16,23.31,58.50,983.31,219,68
2026-04-16 10:04:17,23.35,58.49,995.57,219,68
2026-04-16 10:09:18,23.41,58.40,1034.08,219,68
2026-04-16 10:14:19,23.44,58.30,1149.62,219,68
2026-04-16 10:19:21,23.56,58.18,1292.65,219,67
2026-04-16 10:24:22,23.67,57.98,1391.36,219,67
2026-04-16 10:29:23,23.81,57.67,1449.29,220,67
2026-04-16 10:34:24,23.89,57.70,1553.76,214,67
2026-04-16 10:39:26,24.02,56.96,1580.40,213,67
2026-04-16 10:44:27,24.14,56.54,1697.16,212,67
2026-04-16 10:49:28,24.28,56.27,1673.77,215,66
2026-04-16 10:54:29,24.31,56.06,1560.26,220,65
2026-04-16 10:59:31,24.30,55.66,1494.57,219,65
2026-04-16 11:04:32,24.31,55.61,1284.37,217,65
2026-04-16 11:09:33,24.25,55.71,1190.97,215,66
2026-04-16 11:14:34,24.13,55.74,1203.46,215,65
2026-04-16 11:19:36,24.14,55.70,1226.35,213,65
2026-04-16 11:24:37,24.24,55.45,1220.81,207,66
2026-04-16 11:29:38,24.16,55.65,930.50,206,66
2026-04-16 11:34:39,24.14,55.72,1026.53,203,66
2026-04-16 11:39:41,24.15,55.87,1157.16,204,66
2026-04-16 11:44:42,24.21,55.81,1158.62,201,66
2026-04-16 11:49:43,24.25,55.98,1178.22,200,66
2026-04-16 11:54:44,24.34,55.93,1253.21,201,66
2026-04-16 11:59:46,24.38,55.86,1274.62,197,66
2026-04-16 12:04:47,24.49,55.81,1344.77,197,66
2026-04-16 12:09:48,24.44,55.84,1052.38,196,66
2026-04-16 12:14:49,24.36,55.88,728.64,195,66
2026-04-16 12:19:51,24.20,56.06,417.73,193,66
2026-04-16 12:24:52,24.00,56.51,599.18,188,66
2026-04-16 12:29:53,24.06,56.50,800.18,189,65
2026-04-16 12:34:54,24.06,56.49,643.23,189,65
2026-04-16 12:39:56,24.01,56.68,448.24,191,65
2026-04-16 12:44:57,23.94,56.69,427.74,189,65
2026-04-16 12:49:58,23.92,56.35,596.83,186,65
2026-04-16 12:54:59,23.92,56.56,497.11,185,65
2026-04-16 13:00:01,23.91,56.57,560.68,184,65
2026-04-16 13:05:02,23.91,56.93,375.96,186,65
2026-04-16 13:10:03,23.97,57.19,422.50,187,64
2026-04-16 13:15:04,24.01,57.08,506.76,187,64
2026-04-16 13:20:06,24.00,57.47,303.27,189,64
2026-04-16 13:25:07,23.97,57.60,304.51,187,64
2026-04-16 13:30:08,23.97,57.50,313.56,188,64
2026-04-16 13:35:09,23.96,57.35,352.28,187,64
2026-04-16 13:40:11,24.02,57.01,445.49,185,64
2026-04-16 13:45:12,24.10,56.85,406.60,185,63
2026-04-16 13:50:13,24.03,57.11,326.21,184,63
2026-04-16 13:55:14,24.01,57.09,378.40,188,63
2026-04-16 14:00:16,24.03,57.06,443.72,187,63
2026-04-16 14:05:17,24.11,56.92,638.48,188,63
2026-04-16 14:10:18,24.14,57.00,789.03,188,62
2026-04-16 14:15:20,24.29,57.10,878.29,189,62
2026-04-16 14:20:21,24.33,57.01,857.90,190,62
2026-04-16 14:25:22,24.41,56.94,991.31,192,61
2026-04-16 14:30:23,24.51,56.73,903.74,195,60
2026-04-16 14:35:25,24.47,56.59,885.83,195,60
2026-04-16 14:40:26,24.49,56.48,852.76,196,60
2026-04-16 14:45:27,24.40,56.42,764.73,204,59
2026-04-16 14:50:28,24.27,56.64,576.84,199,60
2026-04-16 14:55:30,24.18,56.78,486.76,197,59
2026-04-16 15:00:31,24.01,57.34,346.87,198,59
2026-04-16 15:05:32,23.91,58.17,278.25,198,59
2026-04-16 15:10:33,23.81,58.43,214.89,192,60
2026-04-16 15:15:35,23.75,58.77,164.75,192,60
2026-04-16 15:20:36,23.70,58.96,208.99,192,60
2026-04-16 15:25:37,23.68,59.11,287.10,193,60
2026-04-16 15:30:38,23.70,59.14,358.98,193,60
2026-04-16 15:35:40,23.64,59.25,260.50,193,59
2026-04-16 15:40:41,23.61,59.32,217.34,194,59
2026-04-16 15:45:42,23.56,59.44,139.85,195,58
2026-04-16 15:50:43,23.44,59.52,100.24,197,58
2026-04-16 15:55:45,23.40,59.52,84.90,206,56
2026-04-16 16:00:46,23.31,59.56,73.86,205,56
2026-04-16 16:05:47,23.22,59.58,74.20,208,55
2026-04-16 16:10:49,23.20,59.42,77.63,206,56
2026-04-16 16:15:50,23.13,59.32,80.15,203,56
2026-04-16 16:20:51,23.00,59.23,85.62,203,56
2026-04-16 16:25:52,23.00,59.41,90.51,206,56
2026-04-16 16:30:54,23.00,59.40,108.49,207,56
2026-04-16 16:35:55,23.00,59.30,111.25,207,56
2026-04-16 16:40:56,23.00,59.17,100.44,210,55
2026-04-16 16:45:57,23.00,59.04,80.59,207,56
2026-04-16 16:50:59,23.00,59.00,68.54,209,55
2026-04-16 16:56:00,23.00,58.99,60.84,212,55
2026-04-16 17:01:01,23.00,59.20,59.15,212,55
2026-04-16 17:06:02,23.00,59.39,60.10,212,55
2026-04-16 17:11:04,23.00,59.43,61.76,211,55
2026-04-16 17:16:05,23.00,59.41,69.14,205,56
2026-04-16 17:21:08,23.00,59.42,87.24,216,54
2026-04-16 17:26:09,23.00,59.49,134.82,217,53
2026-04-16 17:31:11,23.00,59.48,249.94,217,53
2026-04-16 17:36:12,23.00,59.24,256.46,217,53
2026-04-16 17:41:13,23.00,59.32,208.60,217,53
2026-04-16 17:46:14,23.00,59.30,143.53,216,53
2026-04-16 17:51:16,23.00,59.32,90.97,217,52
2026-04-16 17:56:17,22.91,59.43,51.66,216,53
2026-04-16 18:01:18,22.90,59.41,30.35,210,53
2026-04-16 18:06:19,22.90,59.49,10.24,210,54
2026-04-16 18:11:21,22.83,59.54,3.89,207,54
2026-04-16 18:16:22,22.80,59.60,0.97,206,54
2026-04-16 18:21:23,22.80,59.53,0.02,204,54
2026-04-16 18:26:24,22.80,59.58,0.00,204,54
2026-04-16 18:31:26,22.75,59.59,0.00,205,54
2026-04-16 18:36:27,22.70,59.60,0.00,206,54
2026-04-16 20:49:48,22.60,62.06,11.86,229,56
2026-04-16 20:59:44,23.07,62.83,1.06,224,60
2026-04-16 21:04:45,22.95,63.05,0.00,235,60
2026-04-16 21:09:47,22.91,63.64,0.00,252,59
2026-04-16 21:14:48,22.83,64.25,4.20,253,59
2026-04-16 21:19:49,22.90,64.60,11.79,260,58
2026-04-16 21:24:50,22.81,64.86,11.52,283,56
2026-04-16 21:29:52,22.80,64.86,11.52,319,54
2026-04-16 21:34:53,22.78,64.86,11.52,338,52
2026-04-16 21:39:54,22.72,64.77,11.52,338,51
2026-04-16 21:44:55,22.80,64.50,11.52,324,52
2026-04-16 21:49:57,22.85,64.23,11.52,318,53
2026-04-16 21:54:58,22.90,64.10,11.52,317,54
2026-04-16 21:59:59,22.90,63.80,11.52,311,54
2026-04-16 22:05:00,22.90,63.68,11.52,305,54
2026-04-16 22:10:02,22.90,63.58,11.52,299,54
2026-04-16 22:15:03,22.90,63.61,7.36,317,54
2026-04-16 22:20:04,22.90,63.75,0.00,376,54
2026-04-16 22:25:05,22.87,63.79,0.00,352,54
2026-04-16 22:30:07,22.80,63.87,0.00,364,53
2026-04-16 22:35:08,22.72,64.23,0.00,364,53
2026-04-16 22:40:09,22.70,64.25,0.00,349,53
2026-04-16 22:45:10,22.64,64.12,0.00,340,53
2026-04-16 22:50:12,22.60,63.91,0.00,331,53
2026-04-16 22:55:13,22.60,63.86,0.00,323,53
2026-04-16 23:00:14,22.60,64.11,0.00,330,53
2026-04-16 23:05:15,22.52,64.25,0.00,342,52
2026-04-16 23:10:17,22.51,63.98,0.00,352,52
2026-04-16 23:15:18,22.51,64.03,0.00,344,52
2026-04-16 23:20:19,22.51,64.32,0.00,337,52
2026-04-16 23:25:20,22.51,64.82,0.00,330,52
2026-04-16 23:30:21,22.51,64.99,0.00,324,52
2026-04-16 23:35:25,22.49,65.41,0.00,325,52
2026-04-16 23:40:26,22.41,65.57,0.00,339,53
2026-04-16 23:45:27,22.41,65.18,0.00,341,53
2026-04-16 23:50:29,22.36,65.24,0.00,355,50
2026-04-16 23:55:30,22.30,65.16,0.00,359,48
2026-04-17 00:00:31,22.30,65.01,0.00,341,50
2026-04-17 00:05:32,22.30,65.16,0.00,329,50
2026-04-17 00:10:34,22.30,65.24,0.00,325,49
2026-04-17 00:15:35,22.29,65.71,0.00,348,47
2026-04-17 00:20:36,22.30,66.62,0.00,346,48
2026-04-17 00:25:37,22.30,67.01,0.00,347,50
2026-04-17 00:30:39,22.29,66.83,0.00,350,49
2026-04-17 00:35:40,22.27,66.79,0.00,341,50
2026-04-17 00:40:41,22.21,66.94,0.00,339,48
2026-04-17 00:45:42,22.16,67.36,0.00,334,49
2026-04-17 00:50:44,22.20,67.07,0.00,316,51
2026-04-17 00:55:45,22.21,66.77,0.00,306,52
2026-04-17 01:00:46,22.21,67.23,0.00,321,52
2026-04-17 01:05:47,22.16,67.25,0.00,326,51
2026-04-17 01:10:49,22.11,67.16,0.00,316,51
2026-04-17 01:15:50,22.10,67.00,0.00,315,50
2026-04-17 01:20:53,22.10,66.82,0.00,305,51
2026-04-17 01:25:55,22.01,66.92,0.00,344,45
2026-04-17 01:30:56,22.00,66.97,0.00,355,49
2026-04-17 01:35:57,22.01,66.52,0.00,332,52
2026-04-17 01:40:58,22.10,66.29,0.00,322,52
2026-04-17 01:46:00,22.09,66.41,0.00,315,52
2026-04-17 01:51:01,22.00,66.62,0.00,326,51
2026-04-17 01:56:02,22.00,66.67,0.00,336,51
2026-04-17 02:01:03,22.00,66.77,0.00,338,48
2026-04-17 02:06:05,21.97,66.42,0.00,327,48
2026-04-17 02:11:06,21.99,66.36,0.00,317,49
2026-04-17 02:16:07,22.00,66.38,0.00,318,51
2026-04-17 02:21:09,22.00,65.98,0.00,313,51
2026-04-17 02:26:10,22.00,66.24,0.00,305,51
2026-04-17 02:31:11,22.00,65.86,0.00,306,51
2026-04-17 02:36:12,21.98,66.14,0.00,326,51
2026-04-17 02:41:14,21.96,65.93,0.00,311,51
2026-04-17 02:46:15,21.92,65.88,0.00,302,51
2026-04-17 02:51:16,21.90,65.90,0.00,308,51
2026-04-17 02:56:17,21.91,66.09,0.00,303,51
2026-04-17 03:01:19,21.90,66.04,0.00,295,51
2026-04-17 03:06:20,21.90,65.73,0.00,291,51
2026-04-17 03:11:23,21.90,66.07,0.00,300,51
2026-04-17 03:16:24,21.91,65.52,0.00,292,52
2026-04-17 03:21:26,21.91,65.78,0.00,304,52
2026-04-17 03:26:27,21.91,65.69,0.00,308,52
2026-04-17 03:31:28,21.90,65.31,0.00,294,52
2026-04-17 03:36:29,21.90,65.08,0.00,287,52
2026-04-17 03:41:31,21.90,65.34,0.00,291,52
2026-04-17 04:54:21,21.14,75.33,10.47,367,45
2026-04-17 04:59:23,21.55,72.07,10.51,348,44
2026-04-17 05:04:24,21.83,70.48,9.74,344,45
2026-04-17 05:09:25,21.80,69.50,10.58,336,44
2026-04-17 05:14:26,21.90,71.25,10.57,342,43
2026-04-17 05:35:32,20.26,71.12,8.34,269,72
2026-04-17 05:40:34,20.55,69.78,0.00,247,74
2026-04-17 05:45:35,20.63,68.95,0.18,238,74
2026-04-17 05:50:36,20.66,68.41,0.86,234,74
2026-04-17 05:55:37,20.60,68.01,1.74,233,74
2026-04-17 06:00:39,20.45,67.89,3.62,226,73
2026-04-17 06:05:40,20.38,67.74,5.50,231,71
2026-04-17 06:10:41,20.16,68.00,7.27,237,69
2026-04-17 06:15:42,20.14,68.07,8.59,237,69
2026-04-17 06:20:44,20.14,68.00,9.85,240,69
2026-04-17 06:25:45,20.09,68.07,12.78,245,69
2026-04-17 06:30:46,20.10,68.17,16.33,228,71
2026-04-17 06:35:47,19.97,68.64,20.99,236,68
2026-04-17 06:40:49,19.94,68.71,30.79,242,66
2026-04-17 06:45:50,20.00,68.31,35.29,238,67
2026-04-17 06:50:51,19.90,68.49,36.89,233,67
2026-04-17 06:55:52,19.94,68.54,49.89,236,67
2026-04-17 07:00:53,19.84,68.59,61.70,243,66
2026-04-17 07:05:55,19.89,68.77,88.26,252,65
2026-04-17 07:10:56,19.97,68.57,110.60,242,68
2026-04-17 07:15:57,19.70,68.81,133.09,248,67
2026-04-17 07:20:58,19.86,68.87,201.16,242,69
2026-04-17 07:26:00,20.01,68.17,230.75,235,69
2026-04-17 07:31:01,19.91,68.21,427.88,241,68
2026-04-17 07:36:02,20.11,68.02,516.27,239,68
2026-04-17 07:41:06,20.26,67.45,547.82,234,69
2026-04-17 07:46:07,20.44,67.01,694.47,233,68
2026-04-17 07:51:08,20.57,66.48,740.71,222,70
2026-04-17 07:56:09,20.67,65.71,588.49,209,71
2026-04-17 08:01:11,20.51,65.60,465.81,207,71
2026-04-17 08:06:12,20.65,65.71,447.38,209,71
2026-04-17 08:11:13,20.63,65.78,383.10,213,70
2026-04-17 08:16:14,20.59,65.92,366.89,217,69
2026-04-17 08:21:15,20.66,65.94,369.72,220,69
2026-04-17 08:26:17,20.83,65.69,413.86,222,69
2026-04-17 08:31:18,20.97,65.54,584.07,223,69
2026-04-17 08:36:19,21.04,65.01,662.17,226,68
2026-04-17 08:41:23,21.16,64.70,943.34,228,68
2026-04-17 08:46:26,21.51,64.07,1209.64,233,67
2026-04-17 08:51:27,21.72,63.82,978.93,223,69
2026-04-17 08:56:28,21.66,63.90,670.24,220,68
2026-04-17 09:01:30,21.53,63.87,696.15,218,68
2026-04-17 09:06:31,21.57,63.45,653.46,216,68
2026-04-17 09:11:32,21.58,63.17,677.79,217,68
2026-04-17 09:16:33,21.69,62.95,927.40,219,67
2026-04-17 09:21:35,21.75,62.41,770.81,219,66
2026-04-17 09:26:36,21.71,62.31,478.69,229,65
2026-04-17 09:31:37,21.45,62.67,301.83,219,68
2026-04-17 09:36:38,21.43,63.25,305.03,220,67
2026-04-17 09:41:40,21.39,63.60,296.27,223,65
2026-04-17 09:46:41,21.30,63.78,286.73,226,65
2026-04-17 09:51:42,21.29,64.27,264.49,226,65
2026-04-17 09:56:43,21.11,65.04,240.52,221,66
2026-04-17 10:01:45,21.06,66.04,251.23,207,69
2026-04-17 10:06:46,21.06,66.27,285.60,207,68
2026-04-17 10:11:47,21.03,66.61,262.72,209,68
2026-04-17 10:16:48,21.07,66.79,236.83,210,68
2026-04-17 10:21:50,20.96,67.32,275.82,207,68
2026-04-17 10:26:51,20.83,67.78,296.68,197,70
2026-04-17 10:31:52,20.96,67.65,376.34,200,69
2026-04-17 10:36:53,21.00,67.12,480.90,202,68
2026-04-17 10:41:55,21.07,66.55,468.83,212,66
2026-04-17 10:46:56,21.00,66.88,390.52,219,64
2026-04-17 10:51:57,21.04,66.53,350.07,216,65
2026-04-17 10:56:58,21.02,66.53,292.98,217,65
2026-04-17 11:02:00,20.97,67.04,290.49,223,65
2026-04-17 11:07:01,20.99,67.00,337.56,226,64
2026-04-17 11:12:02,21.01,66.56,338.99,228,64
2026-04-17 11:17:03,21.00,66.53,357.61,227,64
2026-04-17 11:22:05,21.04,66.54,396.60,221,64
2026-04-17 11:27:06,21.16,66.15,464.66,219,65
2026-04-17 11:32:07,21.32,65.62,537.01,217,64
2026-04-17 11:37:08,21.32,65.62,519.75,216,64
2026-04-17 11:42:10,21.46,65.50,588.56,216,64
2026-04-17 11:47:11,21.53,64.82,629.77,211,66
2026-04-17 11:52:12,21.56,64.81,511.23,212,65
2026-04-17 11:57:13,21.39,65.58,592.92,209,66
2026-04-17 12:02:15,21.35,65.91,758.02,212,64
2026-04-17 12:07:16,21.53,65.72,793.81,215,64
2026-04-17 12:12:17,21.69,65.52,776.46,209,65
2026-04-17 12:17:18,21.71,65.16,813.81,209,65
2026-04-17 12:22:20,21.89,64.45,777.84,210,65
2026-04-17 12:27:21,21.97,63.58,736.13,199,67
2026-04-17 12:32:22,22.00,63.05,698.62,196,68
2026-04-17 12:37:23,22.02,62.60,774.69,195,67
2026-04-17 12:42:25,22.11,61.90,752.46,197,67
2026-04-17 12:47:26,22.07,61.74,671.05,197,66
2026-04-17 12:52:29,22.00,61.67,550.77,196,66
2026-04-17 12:57:31,22.02,61.73,505.05,199,65
2026-04-17 13:02:32,22.00,61.69,351.59,200,65
2026-04-17 13:07:33,22.00,61.61,302.99,203,65
2026-04-17 13:12:34,21.99,62.28,323.64,203,65
2026-04-17 13:17:36,21.96,62.67,377.76,205,65
2026-04-17 13:22:37,22.03,62.29,455.98,210,64
2026-04-17 13:27:38,22.10,62.03,394.40,214,64
2026-04-17 13:32:39,22.04,62.41,281.52,215,64
2026-04-17 13:37:41,21.96,63.25,267.07,214,64
2026-04-17 13:42:42,21.90,63.48,216.71,215,64
2026-04-17 13:47:43,21.90,63.67,226.55,216,64
2026-04-17 13:52:44,21.90,63.65,199.21,216,64
2026-04-17 13:57:46,21.81,63.74,175.89,215,63
2026-04-17 14:02:47,21.70,63.87,210.44,215,63
2026-04-17 14:07:48,21.71,63.89,328.29,216,63
2026-04-17 14:12:49,21.80,63.77,364.71,216,63
2026-04-17 14:17:51,21.72,64.10,239.99,215,63
2026-04-17 14:22:52,21.70,64.24,192.95,215,63
2026-04-17 14:27:53,21.58,64.47,161.54,217,63
2026-04-17 14:32:54,21.56,64.61,149.11,218,63
2026-04-17 14:37:56,21.49,64.85,135.44,221,62
2026-04-17 14:42:57,21.48,64.72,157.10,226,61
2026-04-17 14:47:58,21.45,64.82,222.70,228,60
2026-04-17 14:53:01,21.50,64.81,374.26,228,60
2026-04-17 14:58:03,21.61,64.72,486.37,230,59
2026-04-17 15:03:06,21.74,64.75,428.55,230,60
2026-04-17 15:08:07,21.73,64.36,335.59,229,60
2026-04-17 15:13:08,21.68,64.27,248.63,232,59
2026-04-17 15:18:10,21.50,65.44,157.64,240,58
2026-04-17 15:23:11,21.48,66.11,104.19,252,58
2026-04-17 15:28:12,21.46,66.62,99.90,255,58
2026-04-17 15:33:14,21.51,66.71,100.55,258,57
2026-04-17 15:38:15,21.43,66.33,101.59,254,56
2026-04-17 15:43:16,21.32,66.33,108.40,251,57
2026-04-17 15:48:17,21.31,66.18,102.02,250,57
2026-04-17 15:53:19,21.31,66.73,103.23,254,57
2026-04-17 15:58:20,21.37,67.64,112.38,263,57
2026-04-17 16:03:21,21.63,68.76,117.05,280,56
2026-04-17 16:08:22,21.85,68.78,120.04,278,57
2026-04-17 16:13:24,21.91,68.52,116.55,278,57
2026-04-17 16:18:25,21.90,68.55,119.86,270,59
2026-04-17 16:23:26,22.02,68.23,134.23,260,61
2026-04-17 16:28:27,22.10,68.38,161.14,295,60
2026-04-17 16:33:29,22.16,68.59,158.15,306,59
2026-04-17 16:38:30,22.20,68.42,175.65,331,59
2026-04-17 16:43:31,22.30,67.86,187.58,326,58
2026-04-17 16:48:32,22.25,67.12,158.40,304,59
2026-04-17 16:53:34,22.21,66.74,126.48,297,59
2026-04-17 16:58:35,22.19,66.76,110.00,304,58
2026-04-17 17:03:36,22.12,66.95,117.13,314,58
2026-04-17 17:08:38,22.17,67.06,161.93,318,57
2026-04-17 17:13:39,22.20,67.54,151.03,320,57
2026-04-17 17:18:40,22.21,68.48,111.59,324,56
2026-04-17 17:23:41,22.21,68.87,81.83,321,56
2026-04-17 17:28:43,22.21,69.36,53.23,320,56
2026-04-17 17:59:55,22.58,73.88,2.54,324,59
2026-04-17 18:04:56,22.50,73.75,0.00,331,60
2026-04-17 18:09:58,22.43,73.96,0.00,345,57
2026-04-17 18:14:59,22.37,74.25,0.15,352,55
2026-04-17 18:20:00,22.30,73.97,0.00,349,55
2026-04-17 18:25:02,22.21,73.64,0.00,345,55
2026-04-17 18:30:03,22.21,73.09,0.00,341,55
2026-04-17 18:35:04,22.16,72.73,0.14,342,54
2026-04-17 18:40:05,22.10,72.46,10.40,341,54
2026-04-17 18:45:07,22.06,71.54,3.18,332,51
2026-04-17 18:50:08,21.98,71.75,0.00,356,46
2026-04-17 18:55:09,21.90,71.79,6.47,357,47
2026-04-17 19:00:10,21.90,71.41,0.00,355,45
2026-04-17 19:05:12,21.90,71.34,0.00,360,44
2026-04-17 19:10:13,21.90,71.50,1.52,364,43
2026-04-17 19:15:14,21.90,72.22,0.00,422,43
2026-04-17 19:20:16,21.90,73.56,0.00,469,43
2026-04-17 19:25:17,21.90,74.61,1.56,489,45
2026-04-17 19:30:18,22.00,73.99,0.78,485,53
2026-04-17 19:35:19,22.00,73.06,1.47,464,53
2026-04-17 19:40:21,22.09,72.36,1.71,461,53
2026-04-17 19:45:22,22.06,71.34,0.62,441,53
2026-04-17 19:50:23,22.00,70.86,0.00,426,54
2026-04-17 19:55:24,22.00,70.53,0.00,418,54
2026-04-17 20:00:26,22.00,70.89,0.00,413,53
2026-04-17 20:05:27,22.00,71.03,7.75,402,51
2026-04-17 20:10:28,21.96,71.42,9.24,403,52
2026-04-17 20:15:29,22.09,71.29,9.22,404,55
2026-04-17 20:20:31,22.17,71.00,9.22,398,54
2026-04-17 20:25:32,22.17,70.69,9.22,375,57
2026-04-17 20:30:33,22.02,70.60,9.22,366,58
2026-04-17 20:35:35,22.01,70.07,9.22,360,58
2026-04-17 20:40:36,22.01,70.04,9.22,360,57
2026-04-17 20:45:37,22.01,69.70,9.22,357,55
2026-04-17 20:50:38,22.00,69.50,9.22,357,55
2026-04-17 20:55:42,22.01,69.18,9.22,352,55
2026-04-17 21:00:43,22.00,69.03,9.19,350,54
2026-04-17 21:05:44,22.00,69.12,9.22,349,54
2026-04-17 21:10:45,22.00,68.96,9.22,346,54
2026-04-17 21:15:47,22.01,68.75,9.22,344,54
2026-04-17 21:20:48,22.08,68.63,9.22,342,54
2026-04-17 21:25:49,22.07,68.58,8.67,342,57
2026-04-17 21:30:50,22.46,67.94,7.83,294,60
2026-04-17 21:35:52,22.50,67.32,7.83,284,60
2026-04-17 21:40:53,22.50,67.08,7.83,273,62
2026-04-17 21:45:54,22.50,66.84,7.83,276,61
2026-04-17 21:50:55,22.51,66.61,7.83,271,62
2026-04-17 21:55:57,22.56,66.38,7.83,271,61
2026-04-17 22:00:58,22.55,66.20,7.83,270,62
2026-04-17 22:05:59,22.55,66.11,7.83,269,61
2026-04-17 22:11:00,22.60,65.93,7.83,276,59
2026-04-17 22:16:02,22.60,65.83,7.83,286,57
2026-04-17 22:21:03,22.60,65.67,7.83,284,57
2026-04-18 08:13:00,24.98,62.48,7404.17,296,58
2026-04-18 08:18:02,28.78,46.55,10136.88,283,60
2026-04-18 08:23:03,30.25,40.95,15019.24,279,59
2026-04-18 08:28:04,31.58,38.11,16720.62,282,60
2026-04-18 17:00:44,21.10,59.30,141.16,289,74
2026-04-18 17:05:45,21.76,58.82,195.51,285,75
2026-04-18 17:10:46,21.96,58.87,226.76,288,74
2026-04-18 17:15:47,22.07,59.10,222.83,293,73
2026-04-18 17:20:49,22.17,59.47,240.26,292,74
2026-04-18 17:25:50,22.11,59.14,226.38,292,74
2026-04-18 17:30:51,22.10,59.46,202.55,299,72
2026-04-18 17:35:52,22.18,59.50,148.21,300,73
2026-04-18 17:40:54,22.27,59.80,101.53,303,73
2026-04-18 17:45:55,22.32,60.50,91.80,307,73
2026-04-18 17:50:56,22.26,60.91,64.79,328,73
2026-04-18 17:55:57,22.22,61.73,40.53,334,73
2026-04-18 18:00:59,22.22,62.91,17.02,333,73
2026-04-18 18:06:00,22.20,64.05,11.47,331,73
2026-04-18 18:11:01,22.16,64.47,15.88,330,73
2026-04-18 18:16:02,22.08,64.60,11.06,327,73
2026-04-18 18:21:04,22.12,64.62,9.42,326,73
2026-04-18 18:26:05,22.14,63.78,8.93,326,73
2026-04-18 18:31:06,22.02,63.78,8.75,330,73
2026-04-18 18:36:07,21.90,64.68,8.80,332,72
2026-04-18 18:41:09,21.90,65.32,9.26,335,72
2026-04-18 18:46:10,21.90,66.16,9.90,336,72
2026-04-18 18:51:11,21.94,66.83,7.88,339,71
2026-04-18 18:56:12,22.12,67.68,0.70,340,70
2026-04-18 19:01:14,22.46,67.74,6.58,370,70
2026-04-18 19:06:15,22.65,66.32,6.94,412,71
2026-04-18 19:11:16,22.80,67.30,7.72,398,72
2026-04-18 19:16:17,22.76,66.71,4.56,388,71
2026-04-18 19:21:19,22.65,66.36,5.56,378,71
2026-04-18 19:26:20,22.56,66.03,0.00,370,71
2026-04-18 19:31:21,22.43,66.31,0.00,368,70
2026-04-18 19:36:25,22.40,66.39,0.00,370,70
2026-04-18 19:41:28,22.35,66.60,0.00,369,70
2026-04-18 19:46:29,22.30,66.70,0.00,367,71
2026-04-18 19:51:30,22.22,66.38,0.00,365,71
2026-04-18 19:56:32,22.20,66.19,0.00,363,71
2026-04-18 20:01:33,22.14,66.00,0.00,362,70
2026-04-18 20:06:34,22.10,65.73,0.00,354,71
2026-04-18 20:11:35,22.10,65.43,0.00,352,71
2026-04-18 20:16:37,22.06,65.21,0.00,346,71
2026-04-18 20:21:38,22.06,65.18,0.00,344,71
2026-04-18 20:26:39,22.00,65.00,0.00,343,71
2026-04-18 20:31:40,22.00,65.03,0.00,342,70
2026-04-18 20:36:42,22.00,65.04,0.00,342,70
2026-04-18 20:41:45,22.00,65.03,0.00,347,69
2026-04-18 20:46:46,22.00,65.35,0.00,348,68
2026-04-18 20:51:48,21.92,65.26,0.00,344,69
2026-04-18 20:56:49,21.91,65.26,0.00,344,69
2026-04-18 21:01:50,21.91,65.31,0.00,345,69
2026-04-18 21:06:51,21.90,65.35,0.00,346,68
2026-04-18 21:11:53,21.90,65.19,0.00,344,68
2026-04-18 21:16:54,21.90,65.16,0.00,341,69
2026-04-18 21:21:55,21.90,65.08,0.00,341,69
2026-04-18 21:26:56,21.90,65.23,0.00,340,68
2026-04-18 21:31:58,21.86,65.17,0.00,340,68
2026-04-18 21:36:59,21.81,65.11,0.00,342,67
2026-04-18 21:42:00,21.81,65.12,0.00,337,69
2026-04-18 21:47:01,21.81,64.90,0.00,337,68
2026-04-18 21:52:03,21.78,64.92,0.00,338,68
2026-04-18 21:57:04,21.75,64.94,0.00,335,69
2026-04-18 22:02:05,21.71,64.85,0.00,331,69
2026-04-18 22:07:06,21.70,64.80,0.00,331,69
2026-04-18 22:12:08,21.71,64.68,0.00,331,69
2026-04-18 22:17:09,21.71,64.69,0.00,330,68
2026-04-18 22:22:10,21.70,64.62,0.00,331,68
2026-04-18 22:27:11,21.71,64.63,0.00,331,68
2026-04-18 22:32:13,21.67,64.61,0.00,332,67
2026-04-18 22:37:14,21.62,64.40,0.00,332,68
2026-04-18 22:42:15,21.61,64.44,0.00,328,68
2026-04-18 22:47:16,21.61,64.44,0.00,328,68
2026-04-18 22:52:17,21.61,64.34,0.00,328,68
2026-04-18 22:57:19,21.61,64.37,0.00,333,67
2026-04-18 23:02:20,21.56,64.42,0.00,337,65
2026-04-18 23:07:21,21.50,64.49,0.00,339,65
2026-04-18 23:12:23,21.50,64.49,0.00,339,64
2026-04-18 23:17:24,21.50,64.51,0.00,338,65
2026-04-18 23:22:25,21.50,64.44,0.00,329,67
2026-04-18 23:27:26,21.51,64.39,0.00,336,65
2026-04-18 23:32:28,21.51,64.31,0.00,333,67
2026-04-18 23:37:29,21.51,64.30,0.00,328,68
2026-04-18 23:42:30,21.51,64.46,0.00,328,67
2026-04-18 23:47:31,21.49,64.30,0.00,329,67
2026-04-18 23:52:33,21.48,64.08,9.13,329,67
2026-04-18 23:57:34,21.71,64.39,12.53,334,67
2026-04-19 00:02:35,21.90,64.60,12.37,337,67
2026-04-19 00:07:36,21.91,64.83,11.81,336,67
2026-04-19 00:12:38,21.90,64.95,0.96,340,67
2026-04-19 00:17:39,21.91,65.34,0.00,342,66
2026-04-19 00:22:40,21.91,65.66,0.00,344,66
2026-04-19 00:27:41,21.91,65.85,0.00,347,65
2026-04-19 00:32:43,21.90,66.05,0.00,350,64
2026-04-19 00:37:44,21.90,66.37,0.00,352,64
2026-04-19 00:42:45,21.91,66.48,0.00,339,69
2026-04-19 00:47:46,21.97,66.44,0.00,340,69
2026-04-19 00:52:48,22.01,66.39,0.00,342,68
2026-04-19 00:57:49,22.01,66.51,0.00,346,68
2026-04-19 01:02:50,22.02,66.98,0.00,345,68
2026-04-19 01:07:51,22.00,67.09,0.00,347,68
2026-04-19 01:12:53,22.00,67.09,0.00,347,68
2026-04-19 01:17:54,22.01,67.27,0.00,348,68
2026-04-19 01:22:55,21.97,67.63,0.00,350,67
2026-04-19 01:27:56,21.91,67.77,0.00,357,65
2026-04-19 01:32:58,21.90,68.06,0.00,359,64
2026-04-19 01:37:59,21.90,68.32,0.00,358,64
2026-04-19 01:43:00,21.90,68.59,0.00,359,64
2026-04-19 01:48:02,21.91,68.95,0.00,358,65
2026-04-19 01:53:03,21.91,69.12,0.00,360,65
2026-04-19 01:58:04,21.91,69.07,0.00,361,64
2026-04-19 02:03:05,21.91,69.08,0.00,360,65
2026-04-19 02:08:07,21.90,68.96,0.00,363,64
2026-04-19 02:13:12,21.90,68.98,0.00,364,64
2026-04-19 02:18:13,21.90,69.05,0.00,364,64
2026-04-19 02:23:14,21.90,68.97,0.00,364,64
2026-04-19 02:28:16,21.90,68.94,0.00,368,64
2026-04-19 02:33:17,21.90,69.04,0.00,368,64
2026-04-19 02:38:18,21.91,69.35,0.00,370,64
2026-04-19 02:43:19,21.90,69.67,0.00,368,64
2026-04-19 02:48:21,21.90,70.05,0.00,368,64
2026-04-19 02:53:22,21.90,71.30,0.00,369,64
2026-04-19 02:58:23,21.90,72.05,0.00,368,64
2026-04-19 03:03:25,21.80,72.44,0.00,368,64
2026-04-19 03:08:26,21.77,72.46,0.00,368,64
2026-04-19 03:13:27,21.70,72.73,0.00,370,63
2026-04-19 03:18:28,21.71,72.96,0.00,372,63
2026-04-19 03:23:30,21.71,73.34,0.00,371,64
2026-04-19 03:28:31,21.71,73.35,0.00,370,64
2026-04-19 03:33:32,21.70,73.54,0.00,370,64
2026-04-19 03:38:33,21.70,73.86,0.00,370,64
2026-04-19 03:43:35,21.70,73.58,0.00,365,66
2026-04-19 03:48:36,21.71,73.91,0.00,362,67
2026-04-19 03:53:37,21.71,73.83,0.00,362,67
2026-04-19 03:58:38,21.70,73.68,0.00,361,67
2026-04-19 04:03:40,21.76,72.87,0.00,362,67
2026-04-19 04:08:41,21.80,72.72,0.00,362,67
2026-04-19 04:13:42,21.74,72.95,0.00,363,67
2026-04-19 04:18:44,21.70,72.92,0.00,365,67
2026-04-19 04:23:45,21.71,72.94,0.00,363,67
2026-04-19 04:28:46,21.71,72.86,0.00,362,67
2026-04-19 04:33:47,21.71,72.69,0.00,362,67
2026-04-19 04:38:49,21.64,72.54,0.00,363,66
2026-04-19 04:43:50,21.61,72.54,0.00,365,66
2026-04-19 04:48:51,21.61,72.25,0.00,367,66
2026-04-19 04:53:52,21.59,71.95,0.00,365,65
2026-04-19 09:11:42,22.83,66.16,2837.66,352,64
2026-04-19 09:16:44,23.00,59.73,2421.67,332,62
2026-04-19 09:21:45,23.00,59.70,2315.16,334,61
2026-04-19 09:26:46,23.01,58.17,2369.82,326,61
2026-04-19 09:31:47,23.00,59.21,1379.57,328,62
2026-04-19 09:36:49,22.74,58.98,1059.74,325,61
2026-04-19 09:41:50,22.49,59.08,1008.23,323,61
2026-04-19 09:46:51,22.46,59.10,914.17,324,61
2026-04-19 09:51:52,22.27,59.49,639.78,326,61
2026-04-19 09:56:54,22.20,60.26,816.44,330,61
2026-04-19 10:01:55,22.19,60.83,789.60,334,61
2026-04-19 10:06:56,22.24,60.88,1023.19,333,61
2026-04-19 10:31:23,22.27,62.27,945.32,249,67
2026-04-19 10:36:24,22.28,62.97,1212.09,309,65
2026-04-19 10:41:27,22.26,63.16,946.83,246,66
2026-04-19 10:46:30,22.30,63.43,1297.10,245,66
2026-04-19 11:20:53,22.70,62.49,839.34,273,59
2026-04-19 11:25:55,22.41,62.50,640.80,263,59
2026-04-19 11:30:56,22.21,63.25,675.39,265,59
2026-04-19 11:35:57,22.27,65.31,165.94,275,58
2026-04-19 11:40:58,22.49,66.04,44.09,282,59
2026-04-19 11:46:00,22.44,66.96,289.12,290,58
2026-04-19 11:51:03,22.44,68.37,480.72,299,57
2026-04-19 11:56:04,22.33,68.10,416.54,307,55
2026-04-19 12:01:05,22.17,67.83,662.98,316,52
2026-04-19 12:06:07,22.02,67.55,784.33,319,52
2026-04-19 12:11:08,21.87,67.06,440.27,317,52
2026-04-19 12:16:09,21.86,67.47,454.00,319,52
2026-04-19 15:01:06,23.08,60.67,2534.25,321,71
2026-04-19 15:06:07,23.15,60.19,1833.24,339,67
2026-04-19 15:11:08,23.00,61.71,1065.97,359,67
2026-04-19 15:16:10,22.92,62.74,859.44,363,68
2026-04-19 15:21:11,22.90,63.43,1067.53,359,69
2026-04-19 15:26:12,22.99,62.97,1389.58,348,69
2026-04-19 15:31:13,22.93,62.84,962.91,342,69
2026-04-19 15:36:15,22.75,62.92,667.43,335,69
2026-04-19 15:41:16,22.71,63.38,891.23,329,69
2026-04-19 15:46:17,22.83,64.20,1194.37,331,68
2026-04-19 15:51:18,22.92,64.30,1206.23,326,70
2026-04-19 15:56:20,23.00,64.85,1223.34,328,71
2026-04-19 16:01:21,23.00,65.37,1184.04,334,71
2026-04-19 16:06:22,23.00,65.62,1038.69,330,72
2026-04-19 16:11:23,22.90,65.09,857.25,325,70
2026-04-19 16:16:25,22.86,65.31,745.84,327,69
2026-04-19 16:21:26,22.62,64.06,765.20,321,68
2026-04-19 16:26:27,22.65,64.82,793.76,323,68
2026-04-19 16:31:28,22.75,64.61,774.39,324,67
2026-04-19 16:36:30,22.79,64.93,655.22,326,66
2026-04-19 16:41:33,22.88,65.52,613.44,324,67
2026-04-19 16:46:34,22.85,65.26,537.46,330,65
2026-04-19 16:51:36,22.80,65.63,619.54,328,67
2026-04-19 16:56:37,22.83,65.36,754.26,322,67
2026-04-19 17:01:38,22.74,64.37,692.82,320,66
2026-04-19 17:06:39,22.76,64.11,605.66,311,68
2026-04-19 17:11:41,22.63,63.98,484.66,314,66
2026-04-19 17:16:42,22.61,64.39,471.52,316,66
2026-04-19 17:21:43,22.47,63.91,426.45,309,68
2026-04-19 17:26:44,22.46,63.88,364.10,310,68
2026-04-19 17:31:46,22.40,63.81,305.50,317,67
2026-04-19 17:36:47,22.36,63.86,209.12,320,66
2026-04-19 17:41:48,22.14,63.90,164.71,328,62
2026-04-19 17:46:49,22.06,64.40,140.30,330,64
2026-04-19 17:51:51,21.97,64.64,97.94,319,66
2026-04-19 17:56:52,21.94,64.93,62.64,320,65
2026-04-19 18:01:53,21.91,64.93,40.05,324,64
2026-04-19 18:06:54,21.91,65.17,19.39,324,65
2026-04-19 18:11:56,21.91,65.19,7.53,323,66
2026-04-19 18:16:57,21.91,65.22,2.02,326,66
2026-04-19 18:21:58,21.88,65.52,0.18,334,66
2026-04-19 18:26:59,21.77,65.70,0.00,340,65
2026-04-19 18:32:01,21.86,66.16,0.00,348,67
2026-04-19 18:37:02,21.72,66.24,0.00,349,67
2026-04-19 18:42:03,21.67,66.50,0.00,357,67
2026-04-19 18:47:04,21.71,66.94,0.00,366,67
2026-04-19 18:52:06,21.72,66.89,0.00,366,68
2026-04-19 18:57:07,21.72,67.17,3.04,365,68
2026-04-19 19:02:08,21.98,66.72,8.71,363,68
2026-04-19 19:07:09,22.10,66.03,7.59,358,68
2026-04-19 19:12:11,22.11,64.88,6.81,346,68
2026-04-19 19:17:12,22.11,64.61,3.55,343,68
2026-04-19 19:22:13,22.10,64.88,0.00,348,68
2026-04-19 19:27:15,22.07,64.06,0.00,340,68
2026-04-19 19:32:16,22.01,64.53,0.00,348,68
2026-04-19 19:37:17,22.08,65.31,0.00,356,68
2026-04-19 19:42:18,22.00,64.86,0.00,357,67
2026-04-19 19:47:20,22.00,65.25,3.08,369,67
2026-04-19 19:52:21,22.01,65.76,6.44,391,67
2026-04-19 19:57:22,22.02,65.00,2.84,379,66
2026-04-19 20:02:23,22.11,65.34,0.00,367,67
2026-04-19 20:07:25,22.11,64.60,0.00,353,66
2026-04-19 20:12:26,22.11,64.32,6.09,345,67
2026-04-19 20:17:27,22.11,63.78,6.45,340,67
2026-04-20 05:28:03,19.63,72.97,1.99,287,77
2026-04-20 05:33:04,19.64,67.56,0.00,283,78
2026-04-20 05:38:06,19.50,66.41,0.63,286,78
2026-04-20 05:43:07,19.57,65.63,2.74,279,78
2026-04-20 05:48:08,19.40,65.08,8.64,270,78
2026-04-20 05:53:09,19.39,65.52,22.14,264,79
2026-04-20 05:58:11,19.30,64.88,43.45,271,79
2026-04-20 06:03:12,19.19,64.86,63.29,277,79
2026-04-20 06:08:13,19.02,65.25,97.63,282,79
2026-04-20 06:13:14,19.11,64.80,124.26,278,80
2026-04-20 06:18:16,19.03,64.60,150.98,277,80
2026-04-20 06:23:17,18.97,64.82,199.79,274,79
2026-04-20 06:28:18,18.99,64.79,269.43,221,79
2026-04-20 06:33:19,19.00,64.35,318.79,216,79
2026-04-20 06:38:20,19.00,64.05,363.78,216,79
2026-04-20 06:43:22,19.14,63.34,402.02,216,79
2026-04-20 06:48:23,19.27,62.93,430.40,218,78
2026-04-20 06:53:24,19.05,63.36,488.60,214,79
2026-04-20 06:58:25,19.24,63.47,562.67,219,78
2026-04-20 07:03:27,19.38,63.38,584.89,227,76
2026-04-20 07:08:28,19.51,63.18,746.37,225,77
2026-04-20 07:13:29,19.64,62.95,1188.61,221,77
2026-04-20 07:18:30,19.73,62.53,1034.41,211,78
2026-04-20 07:23:32,19.61,62.51,698.08,211,76
2026-04-20 07:28:33,19.63,62.52,648.33,211,75
2026-04-20 07:33:34,19.66,62.42,1013.43,210,75
2026-04-20 07:38:35,19.78,61.96,994.17,204,77
2026-04-20 07:43:37,19.85,61.85,1247.05,202,77
2026-04-20 07:48:38,20.19,60.26,912.57,200,77
2026-04-20 07:53:39,20.13,59.96,903.24,194,77
2026-04-20 07:58:40,20.10,59.75,845.34,196,76
2026-04-20 08:03:42,19.81,60.77,773.37,201,75
2026-04-20 08:08:43,19.98,60.82,759.42,204,75
2026-04-20 08:13:44,20.32,59.94,836.95,206,75
2026-04-20 08:18:45,20.86,58.97,1536.53,208,74
2026-04-20 08:23:47,21.05,58.21,1051.39,212,73
2026-04-20 08:28:48,21.28,57.60,1078.29,206,74
2026-04-20 08:33:49,21.53,57.73,1204.85,206,74
2026-04-20 08:38:50,21.80,57.31,1117.84,208,74
2026-04-20 08:43:52,21.91,57.11,1943.50,214,73
2026-04-20 08:48:53,22.05,56.17,2125.39,210,74
2026-04-20 08:53:54,22.42,55.39,2356.65,210,73
2026-04-20 08:58:55,22.57,54.58,1685.61,210,73
2026-04-20 09:03:56,22.52,54.35,1162.23,207,74
2026-04-20 09:08:58,22.17,54.20,1032.38,206,73
2026-04-20 09:13:59,22.04,54.24,2153.37,202,72
2026-04-20 09:19:02,22.29,53.77,1698.59,203,73
2026-04-20 09:24:04,22.36,53.72,1563.07,202,74
2026-04-20 09:29:05,22.38,53.83,1326.55,219,74
2026-04-20 09:34:08,22.17,53.61,1401.61,248,74
2026-04-20 09:39:09,22.08,54.03,1539.54,239,74
2026-04-20 09:44:11,22.08,54.28,1828.34,220,74
2026-04-20 09:49:12,22.27,53.85,2135.38,209,74
2026-04-20 09:54:13,22.15,53.55,1129.95,209,74
2026-04-20 09:59:14,22.08,53.62,1770.46,206,75
2026-04-20 10:04:16,22.27,53.45,1630.11,208,74
2026-04-20 10:09:17,22.16,53.12,1542.41,197,77
2026-04-20 10:14:18,22.31,53.09,1490.44,185,79
2026-04-20 10:19:20,22.47,53.36,1637.88,180,81
2026-04-20 10:24:21,22.67,52.45,1915.26,179,79
2026-04-20 10:29:22,22.80,51.99,1887.33,184,78
2026-04-20 10:34:23,22.77,52.18,1600.96,181,79
2026-04-20 10:39:25,22.86,52.16,1388.02,184,79
2026-04-20 10:44:26,22.90,51.96,1666.54,195,75
2026-04-20 10:49:27,22.98,52.32,1731.62,210,80
2026-04-20 10:54:28,22.87,53.34,1252.41,233,80
2026-04-20 10:59:29,22.96,53.66,1434.30,255,80
2026-04-20 11:04:31,22.81,54.04,951.71,239,80
2026-04-20 11:09:32,22.70,54.42,1029.58,241,80
2026-04-20 11:14:33,22.74,54.60,1557.70,245,80
2026-04-20 11:19:34,22.91,54.13,1966.91,244,79
2026-04-20 11:24:36,23.00,54.19,2003.79,243,80
2026-04-20 11:29:37,23.00,54.20,2037.79,242,80
2026-04-20 11:34:38,23.00,54.71,1606.31,243,79
2026-04-20 11:39:39,22.95,55.16,1006.27,243,80
2026-04-20 11:44:41,22.80,55.70,1196.84,234,80
2026-04-20 11:49:42,22.81,55.68,1079.53,234,79
2026-04-20 11:54:43,22.77,55.26,930.32,226,81
2026-04-20 11:59:44,22.81,55.51,931.09,226,80
2026-04-20 12:04:46,22.80,55.41,961.09,233,79
2026-04-20 12:09:47,22.90,54.96,990.89,227,81
2026-04-20 12:14:48,22.98,54.55,1216.78,229,81
2026-04-20 12:19:49,23.00,54.76,1247.00,228,81
2026-04-20 12:24:50,23.01,53.59,1448.48,229,81
2026-04-20 12:29:52,23.18,53.53,1678.58,237,81
2026-04-20 12:34:53,23.20,53.15,1754.80,253,79
2026-04-20 12:39:54,23.13,53.51,1438.27,258,80
2026-04-20 12:44:55,23.19,53.72,1841.77,263,79
2026-04-20 12:49:57,23.29,53.51,1602.85,261,80
2026-04-20 12:54:58,23.25,53.51,1400.53,261,80
2026-04-20 12:59:59,23.20,52.40,1563.35,259,80
2026-04-20 13:05:00,23.30,52.22,1709.80,259,80
2026-04-20 13:10:02,23.32,53.35,1500.42,263,80
2026-04-20 13:15:03,23.26,53.78,1742.73,264,79
2026-04-20 13:20:04,23.31,53.71,1942.72,267,79
2026-04-20 13:25:05,23.41,53.40,1866.69,266,79
2026-04-20 13:30:07,23.42,53.22,1446.55,260,81
2026-04-20 13:35:08,23.41,52.92,1278.37,258,81
2026-04-20 13:40:09,23.33,53.22,1260.95,256,81
2026-04-20 13:45:10,23.33,54.07,1454.10,257,81
2026-04-20 13:50:12,23.34,54.57,1832.98,257,81
2026-04-20 13:55:13,23.33,54.54,1851.17,257,81
2026-04-20 14:00:14,23.26,54.26,1770.85,257,81
2026-04-20 14:05:15,23.24,54.58,1714.41,259,81
2026-04-20 14:10:17,23.34,54.80,1776.33,259,80
2026-04-20 14:15:18,23.38,54.69,1702.66,259,80
2026-04-20 14:20:19,23.24,54.55,1585.37,259,80
2026-04-20 14:25:20,23.11,54.61,1457.75,261,80
2026-04-20 14:30:21,23.21,54.19,1306.24,265,79
2026-04-20 14:35:23,23.20,54.17,1451.93,269,78
2026-04-20 14:40:24,23.20,54.10,1344.39,268,78
2026-04-20 14:45:25,23.32,53.77,1640.07,266,79
2026-04-20 14:50:26,23.35,53.52,1366.73,265,79
2026-04-20 14:55:28,23.28,52.92,1726.89,260,80
2026-04-20 15:00:29,23.32,51.86,1610.55,256,81
2026-04-20 15:05:30,23.30,52.12,1652.48,257,81
2026-04-20 15:10:31,23.46,51.68,1648.37,257,81
2026-04-20 15:15:33,23.45,51.16,1474.60,257,81
2026-04-20 15:20:34,23.37,50.84,1448.75,261,81
2026-04-20 15:25:35,23.38,51.09,1536.60,274,81
2026-04-20 15:30:37,23.40,50.70,1700.99,265,81
2026-04-20 15:35:38,23.38,50.39,1338.58,263,81
2026-04-20 15:40:39,23.17,50.33,1345.70,260,81
2026-04-20 15:45:40,23.21,50.77,1216.12,259,81
2026-04-20 15:50:42,23.21,51.34,1137.40,261,80
2026-04-20 15:55:43,23.01,51.77,1105.92,260,80
2026-04-20 16:00:44,22.87,52.13,923.85,261,80
2026-04-20 16:05:45,22.58,52.83,822.36,263,79
2026-04-20 16:10:47,22.80,53.15,985.97,267,79
2026-04-20 16:15:48,22.66,53.53,963.49,255,82
2026-04-20 16:20:49,22.52,54.59,1015.97,255,82
2026-04-20 16:25:50,22.90,53.71,1075.01,257,82
2026-04-20 16:30:52,22.84,53.40,827.94,257,81
2026-04-20 16:35:53,22.51,53.26,684.51,257,81
2026-04-20 16:40:54,22.21,54.00,595.72,256,81
2026-04-20 16:45:55,22.29,54.19,485.25,257,81
2026-04-20 16:50:57,22.39,54.14,97.29,260,81
2026-04-20 16:55:58,22.76,54.20,29.75,267,81
2026-04-20 17:00:59,22.80,54.39,27.98,270,81
2026-04-20 17:06:00,22.86,54.51,23.14,271,81
2026-04-20 17:11:02,22.91,54.81,24.61,272,81
2026-04-20 17:16:03,22.92,54.72,23.52,267,80
2026-04-20 17:16:03,22.92,54.72,23.52,267,80
2026-04-20 17:21:04,22.82,54.67,21.49,260,80
2026-04-20 20:05:03,22.55,62.16,13.03,348,67
f